date,open,high,close,low,volume,price_change,p_change,ma5,ma10,ma20,v_ma5,v_ma10,v_ma20
2015-03-25,12776.003,12841.903,12757.095,12656.523,333240448,-44.107,-0.34,12757.095,12757.095,12757.095,333240448,333240448,333240448
2015-03-26,12703.346,12856.213,12712.979,12601.749,307857600,-44.116,-0.35,12735.037,12735.037,12735.037,320549024,320549024,320549024
2015-03-27,12779.326,12930.241,12874.424,12717.431,236975840,161.445,1.27,12781.499,12781.499,12781.499,292691296,292691296,292691296
2015-03-30,12917.136,13242.306,13193.316,12894.494,298051200,318.892,2.48,12884.454,12884.454,12884.454,294031272,294031272,294031272
2015-03-31,13420.923,13538.287,13160.664,13106.969,317728608,-32.652,-0.25,12939.696,12939.696,12939.696,298770739.2,298770739.2,298770739.2
2015-04-01,13187.422,13454.812,13394.725,13142.401,287875616,234.061,1.78,13067.222,13015.534,13015.534,289697772.8,296954885.33,296954885.33
2015-04-02,13486.895,13537.38,13426.1,13235.279,321767136,31.375,0.23,13209.846,13074.186,13074.186,292479680,300499492.57,300499492.57
2015-04-03,13336.866,13502.467,13494.641,13296.945,326233568,68.541,0.51,13333.889,13126.743,13126.743,310331225.6,303716252,303716252
2015-04-07,13626.621,13769.763,13768.728,13625.26,344476960,274.087,2.03,13448.972,13198.075,13198.075,319616377.6,308245219.56,308245219.56
2015-04-08,13814.979,13846.55,13841.717,13513.145,361429216,72.989,0.53,13585.182,13262.439,13262.439,328356499.2,313563619.2,313563619.2
2015-04-09,13898.493,13914.007,13796.733,13505.852,346150560,-44.984,-0.33,13665.584,13366.403,13311.011,340011488,314854630.4,316526068.36
2015-04-10,13718.925,14034.31,14013.335,13650.324,295307904,216.602,1.57,13783.031,13496.438,13369.538,334719641.6,313599660.8,314757888
2015-04-13,14100.353,14175.356,14149.505,13972.41,332808096,136.17,0.97,13914.004,13623.946,13429.536,336034547.2,323182886.4,316146365.54
2015-04-14,14132.612,14221.506,14042.464,13920.064,326909088,-107.041,-0.76,13968.751,13708.861,13473.316,332520972.8,326068675.2,316915131.43
2015-04-15,14023.402,14023.402,13646.607,13646.607,311574176,-395.857,-2.82,13929.729,13757.456,13484.869,322549964.8,325453232,316559067.73
2015-04-16,13549.873,14024.677,13967.802,13492.766,259650096,321.195,2.35,13963.943,13814.763,13515.052,305249872,322630680,313002257
2015-04-17,14120.773,14249.468,14149.342,14039.036,334301248,181.54,1.3,13991.144,13887.087,13552.363,313048540.8,323884091.2,314255138.82
2015-04-20,14132.829,14288.325,13871.599,13814.961,370369408,-277.743,-1.96,13935.563,13924.783,13570.099,320560803.2,328297675.2,317372598.22
2015-04-21,13882.436,14438.995,14438.995,13882.436,309272608,567.396,4.09,14014.869,13991.81,13615.83,317033507.2,324777240,316946282.95
2015-04-22,14529.244,14756.152,14749.133,14510.934,363904288,310.138,2.15,14235.374,14082.552,13672.495,327499529.6,325024747.2,319294183.2
2015-04-23,14842.205,14893.01,14743.217,14647.138,378663776,-5.916,-0.04,14390.457,14177.2,13771.801,351302265.6,328276068.8,321565349.6
2015-04-24,14615.535,14771.287,14598.695,14422.537,353165952,-144.522,-0.98,14480.328,14235.736,13866.087,355075206.4,334061873.6,323830767.2
2015-04-27,14749.024,14910.313,14809.424,14644.007,345252672,210.729,1.44,14667.893,14301.728,13962.837,350051859.2,335306331.2,329244608.8
2015-04-28,14946.95,14979.81,14707.245,14580.422,333952864,-102.179,-0.69,14721.543,14368.206,14038.534,354987910.4,336010708.8,331039692
2015-04-29,14669.217,14907.957,14871.952,14542.321,272506016,164.707,1.12,14746.107,14490.74,14124.098,336708256,332103892.8,328778562.4
2015-04-30,14909.06,15009.729,14818.64,14818.64,276318720,-53.312,-0.36,14761.191,14575.824,14195.294,316239244.8,333770755.2,328200717.6
2015-05-04,14846.478,14958.791,14860.53,14714.912,264061792,41.89,0.28,14813.558,14646.943,14267.015,298418412.8,326746809.6,325315450.4
2015-05-05,14831.905,14831.905,14233.098,14145.501,300637792,-627.432,-4.22,14698.293,14683.093,14303.938,289495436.8,319773648,324035661.6
2015-05-06,14347.55,14569.645,14136.166,14032.021,266597216,-96.932,-0.68,14584.077,14652.81,14322.31,276024307.2,315506108.8,320141674.4
2015-05-07,14080.355,14226.08,14114.728,14027.603,226513296,-21.438,-0.15,14432.632,14589.37,14335.961,266825763.2,301767009.6,313395878.4
2015-05-08,14271.461,14481.438,14481.249,14165.07,254235472,366.521,2.6,14365.154,14563.173,14370.186,262409113.6,289324179.2,308800124
2015-05-11,14572.815,14946.651,14944.883,14447.781,317394176,463.634,3.2,14382.025,14597.792,14416.764,273075590.4,285747001.6,309904437.6
2015-05-12,14975.226,15088.96,15066.289,14879.597,334000960,121.406,0.81,14548.663,14623.478,14462.603,279748224,284621830.4,309964080.8
2015-05-13,15075.024,15245.813,15173.092,14962.377,347022208,106.803,0.71,14756.048,14670.063,14519.134,295833222.4,285928764.8,310969736.8
2015-05-14,15210.753,15299.794,15024.468,15003.723,337960224,-148.624,-0.98,14937.996,14685.314,14588.027,318122608,292474185.6,312289039.2
2015-05-15,14955.411,14955.411,14694.947,14590.757,311171360,-329.521,-2.19,14980.736,14672.945,14624.385,329509785.6,295959449.6,314865102.4
2015-05-18,14612.884,14759.086,14672.632,14564.733,295493120,-22.315,-0.15,14926.286,14654.155,14650.549,325129574.4,299102582.4,312924696
2015-05-19,14723.214,15173.919,15127.376,14704.328,318039840,454.744,3.1,14938.503,14743.583,14713.338,321937350.4,300842787.2,310308217.6
2015-05-20,15206.559,15618.128,15337.083,15206.559,379613280,209.707,1.39,14971.301,14863.675,14758.242,328455564.8,312144393.6,313825251.2
2015-05-21,15402.948,15872.588,15872.534,15402.948,355766464,535.451,3.49,15140.914,15039.455,14814.412,332016812.8,325069710.4,313418360
2015-05-22,16084.038,16191.152,16045.797,15731.01,436129056,173.263,1.09,15411.084,15195.91,14879.541,357008352,343259068.8,316291624
2015-05-25,15894.14,16368.908,16351.056,15810.149,421405376,305.259,1.9,15746.769,15336.527,14967.159,382190803.2,353660188.8,319703595.2
2015-05-26,16456.23,16904.146,16903.471,16397.504,446921472,552.415,3.38,16101.988,15520.246,15071.862,407967129.6,364952240,324787035.2
2015-05-27,16988.904,17061.918,16963.521,16610.779,444795232,60.051,0.35,16427.276,15699.289,15184.676,421003520,374729542.4,330329153.6
2015-05-28,16953.604,17153.803,15912.947,15909.101,522049632,-1050.575,-6.19,16435.358,15788.136,15236.725,454260153.6,393138483.2,342806334.4
2015-05-29,15920.326,16386.055,16100.448,15299.647,412437248,187.501,1.18,16446.289,15928.687,15300.816,449521792,403265072,349612260.8
2015-06-01,16247.389,16921.066,16917.525,16245.553,364798784,817.077,5.08,16559.582,16153.176,15403.666,438200473.6,410195638.4,354649110.4
2015-06-02,17051.221,17485.578,17485.578,16963.738,396498432,568.053,3.36,16676.004,16388.996,15566.289,428115865.6,418041497.6,359442142.4
2015-06-03,17626.916,17696.477,17538.504,17098.432,407201728,52.925,0.3,16791,16609.138,15736.406,420597164.8,420800342.4,366472368
2015-06-04,17579.357,17608.725,17501.053,16426.312,401600064,-37.451,-0.21,17108.622,16771.99,15905.723,396507251.2,425383702.4,375226706.4
2015-06-05,17727.859,17901.863,17649.086,17302.555,444202400,148.034,0.85,17418.349,16932.319,16064.114,402860281.6,426191036.8,384725052.8
2015-06-08,17648.723,17648.723,17452.309,17145.697,420823904,-196.778,-1.11,17525.306,17042.444,16189.486,414065305.6,426132889.6,389896539.2
2015-06-09,17410.641,17609.275,17398.996,17184.324,347168448,-53.312,-0.3,17507.99,17091.997,16306.121,404199308.8,416157587.2,390554913.6
2015-06-10,17297.039,17852.359,17677.572,17165.895,358761344,278.576,1.6,17535.803,17163.402,16431.345,394511232,407554198.4,391141870.4
2015-06-11,17692.898,17889.91,17889.689,17606.426,351087904,212.117,1.2,17613.53,17361.076,16574.606,384408800,390458025.6,391798254.4
2015-06-12,17978.049,18198.072,18098.273,17921.91,385071968,208.585,1.17,17703.368,17560.859,16744.773,372582713.6,387721497.6,395493284.8
2015-06-15,18182.643,18211.758,17702.551,17668.67,406178336,-395.723,-2.19,17753.416,17639.361,16896.268,369653600,391859452.8,401027545.6
2015-06-16,17502.367,17502.367,17075.932,16911.91,353020384,-626.62,-3.54,17688.803,17598.397,16993.696,370823987.2,387511648,402776572.8
2015-06-17,17073.078,17474.078,17405.57,16564.365,312419168,329.64,1.93,17634.403,17585.103,17097.121,361555552,378033392,399416867.2
2015-06-18,17367.129,17442.77,16734.84,16709.604,289059712,-670.732,-3.85,17403.433,17508.482,17140.236,349149913.6,366779356.8,396081529.6
2015-06-19,16386.98,16578.877,15725.47,15700.494,289646432,-1009.369,-6.03,16928.873,17316.12,17124.22,330064806.4,351323760,388757398.4
2015-06-23,15720.321,16047.316,16045.989,14938.821,292927744,320.519,2.04,16597.56,17175.488,17108.966,307414688,338534144,382333516.8
2015-06-24,16178.553,16345.749,16312.311,15867.912,332173440,266.322,1.66,16444.836,17066.82,17079.408,303245299.2,337034643.2,376596115.2
2015-06-25,16369.995,16399.344,15692.444,15499.223,331715680,-619.867,-3.8,16102.211,16868.307,17015.854,307104601.6,334330076.8,370942137.6
2015-06-26,15196.558,15229.001,14398.785,14321.052,294665856,-1293.659,-8.24,15635,16519.216,16940.146,308225830.4,328687872,359572948.8
2015-06-29,14703.966,14712.163,13566.271,13250.347,358946944,-832.514,-5.78,15203.16,16066.016,16813.437,322085932.8,326075369.6,356898433.6
2015-06-30,13274.645,14352.052,14337.965,12723.159,399540096,771.694,5.69,14861.555,15729.558,16684.459,343408403.2,325411545.6,358635499.2
2015-07-01,14185.102,14696.982,13650.816,13578.375,348742112,-687.149,-4.79,14329.256,15387.046,16492.721,346722137.6,324983718.4,356247683.2
2015-07-02,13655.732,13732.494,12924.19,12727.229,320735072,-726.626,-5.32,13775.605,14938.908,16262.006,344526016,325815308.8,351924350.4
2015-07-03,12475.61,13154.131,12246.062,11953.081,315536192,-678.128,-5.25,13345.061,14490.03,15999.256,348700083.2,328462956.8,347621156.8
2015-07-06,13140.14,13140.14,12075.769,11584.471,396337984,-170.293,-1.39,13046.96,14125.06,15720.59,356178291.2,339132112,345227936
2015-07-07,11660.56,11767.66,11375.604,11282.623,227324032,-700.165,-5.8,12454.488,13658.022,15416.755,321735078.4,332571740.8,335552942.4
2015-07-08,10870.144,11112.616,11040.889,10850.384,307328576,-334.715,-2.94,11932.503,13130.88,15098.85,313452371.2,330087254.4,333560948.8
2015-07-09,10953.332,11513.36,11510.34,10932.997,207454528,469.451,4.25,11649.733,12712.669,14790.488,290796262.4,317661139.2,325995608
2015-07-10,11733.448,12062.902,12038.145,11696.769,158915232,527.805,4.58,11608.149,12476.605,14497.911,259472070.4,304086076.8,316386974.4
2015-07-13,12367.618,12658.069,12614.155,12261.253,233849120,576.01,4.79,11715.827,12381.394,14223.705,226974297.6,291576294.4,308825832
2015-07-14,12796.485,13091.928,12728.513,12635.197,285635136,114.358,0.91,11986.408,12220.448,13975.003,238636518.4,280185798.4,302798672
2015-07-15,12783.075,12792.311,12132.419,12093.9,345295424,-596.094,-4.68,12204.714,12068.609,13727.827,246229888,279841129.6,302412424
2015-07-16,11963.351,12600.653,12357.606,11637.472,324294144,225.187,1.86,12374.168,12011.95,13475.429,269597811.2,280197036.8,303006172.8
2015-07-17,12460.507,13097.454,13004.957,12435.595,307007648,647.351,5.24,12567.53,12087.84,13288.935,299216294.4,279344182.4,303903569.6
2015-07-20,13115.48,13427.863,13202.395,12942.945,358165184,197.438,1.52,12685.178,12200.502,13162.781,324079507.2,275526902.4,307329507.2
2015-07-21,13038.148,13436.912,13315.556,12928.133,312415712,113.161,0.86,12802.587,12394.498,13026.26,329435622.4,284036070.4,308303905.6
2015-07-22,13307.932,13482.039,13416.536,13098.805,334908928,100.98,0.76,13059.41,12632.062,12881.471,327358323.2,286794105.6,308440680
2015-07-23,13432.612,13792.365,13754.528,13356.055,367043488,337.992,2.52,13338.794,12856.481,12784.575,335908192,302753001.6,310207070.4
2015-07-24,13789.313,13970.836,13518.515,13424.181,400855936,-236.013,-1.72,13441.506,13004.518,12740.562,354677849.6,326947072,315516574.4
2015-07-27,13242.69,13579.639,12493.046,12488.367,364439040,-1025.469,-7.59,13299.636,12992.407,12686.9,355932620.8,340006064,315791179.2
2015-07-28,11986.247,12676.273,12316.776,11718.996,374311040,-176.27,-1.41,13099.88,12951.233,12585.841,368311686.4,348873654.4,314529726.4
2015-07-29,12472.275,12823.147,12823.073,12078.315,296488768,506.297,4.11,12981.188,13020.299,12544.454,360627654.4,343992988.8,311917059.2
2015-07-30,12766.342,12988.555,12395.922,12382.296,299458528,-427.151,-3.33,12709.466,13024.13,12518.04,347110662.4,341509427.2,310853232
2015-07-31,12228.413,12580.961,12374.254,12213.462,235191520,-21.668,-0.17,12480.614,12961.06,12524.45,313977779.2,334327814.4,306835998.4
2015-08-03,12178.572,12305.613,12161.576,11909.005,243737072,-212.678,-1.72,12414.32,12856.978,12528.74,289837385.6,322885003.2,299205952.8
2015-08-04,12163.121,12711.562,12711.562,12105.937,261600704,549.986,4.52,12493.277,12796.579,12595.538,267295318.4,317803502.4,300919786.4
2015-08-05,12694.571,12842.31,12524.686,12447.037,271150784,-186.876,-1.47,12433.6,12707.394,12669.728,262227721.6,311427688,299110896.8
2015-08-06,12274.724,12595.123,12421.849,12231.888,202229168,-102.837,-0.82,12438.785,12574.126,12715.303,242781849.6,294946256,298849628.8
2015-08-07,12543.656,12769.133,12753.049,12522.473,251888048,331.2,2.67,12514.544,12497.579,12751.049,246121155.2,280049467.2,303498269.6
2015-08-10,12877.307,13373.304,13302.962,12821.892,323080736,549.913,4.31,12742.822,12578.571,12785.489,261989888,275913636.8,307959850.4
2015-08-11,13316.888,13508.299,13323.085,13240.088,351829888,20.123,0.15,12865.126,12679.202,12815.218,280035724.8,273665521.6,311269588
2015-08-12,13201.538,13396.335,13117.101,13117.101,285113792,-205.984,-1.55,12983.609,12708.605,12864.452,282828326.4,272528024,308260506.4
2015-08-13,13069.983,13395.176,13395.176,12962,287062464,278.075,2.12,13178.275,12808.53,12916.33,299794985.6,271288417.6,306398922.4
2015-08-14,13497.164,13606.327,13445.874,13378.591,326795168,50.698,0.38,13316.84,12915.692,12938.376,314776409.6,280448782.4,307388298.4
2015-08-17,13417.326,13585.961,13573.902,13309.538,326809216,128.028,0.95,13371.028,13056.925,12956.951,315522105.6,288755996.8,305820500
2015-08-18,13608.516,13652.542,12683.855,12634.948,389034912,-890.047,-6.56,13243.182,13054.154,12925.366,322963110.4,301499417.6,309651460
2015-08-19,12328.596,13028.504,12960.659,12049.916,331748544,276.804,2.18,13211.893,13097.751,12902.572,332290060.8,307559193.6,309493440.8
2015-08-20,12864.835,13040.362,12584.577,12582.244,283755744,-376.082,-2.9,13049.773,13114.024,12844.075,331628716.8,315711851.2,305329053.6
2015-08-21,12355.274,12511.415,11902.046,11891.839,260160784,-682.531,-5.42,12741.008,13028.924,12763.252,318301840,316539124.8,298294296
2015-08-24,11399.663,11446.099,10970.29,10964.092,193829360,-931.756,-7.83,12220.285,12795.656,12687.114,291705868.8,303613987.2,289763812
2015-08-25,10212.472,10529.923,10197.937,10168.416,218746752,-772.353,-7.04,11723.102,12483.142,12581.172,257648236.8,290305673.6,281985597.6
2015-08-26,10199.896,10559.241,9899.719,9776.21,326727168,-298.218,-2.92,11110.914,12161.404,12435.004,256643961.6,294467011.2,283497517.6
2015-08-27,10076.092,10254.349,10254.349,9713.986,271961856,354.63,3.58,10644.868,11847.321,12327.925,254285184,292956950.4,282122684
2015-08-28,10397.966,10826.191,10799.996,10311.368,315988576,545.647,5.32,10424.458,11582.733,12249.212,265450742.4,291876291.2,286162536.8
2015-08-31,10706.227,10706.227,10549.163,10398.33,266702560,-250.833,-2.32,10340.233,11280.259,12168.592,280025382.4,285865625.6,287310811.2
2015-09-01,10388.498,10388.498,10162.516,9954.577,246291456,-386.647,-3.67,10333.149,11028.125,12041.14,285534323.2,271591280,286545348.8
2015-09-02,9694.477,10319.485,10054.801,9682.708,259173728,-107.715,-1.06,10364.165,10737.539,11917.645,272023635.2,264333798.4,285946496
2015-09-07,10121.829,10404.223,9991.764,9933.541,228540560,-63.037,-0.63,10311.648,10478.258,11796.141,263339376,258812280,287262065.6
2015-09-08,9898.635,10341.304,10320.226,9763.949,200427440,328.462,3.29,10215.694,10320.076,11674.5,240227148.8,252838945.6,284689035.2
2015-09-09,10367.348,10702.183,10620.133,10335.022,311925920,299.907,2.91,10229.888,10285.06,11540.358,249271820.8,264648601.6,284131294.4
2015-09-10,10449.926,10618.869,10424.654,10406.021,225314176,-195.479,-1.84,10282.316,10307.732,11395.437,245076364.8,265305344,277805508.8
2015-09-11,10408.407,10555.62,10463.692,10332.411,190465088,39.038,0.37,10364.094,10364.129,11262.766,231334636.8,251679136,273073073.6
2015-09-14,10517.684,10544.281,9778.234,9739.421,240882720,-685.458,-6.55,10321.388,10316.518,11081.919,233803068.8,248571222.4,270764086.4
2015-09-15,9533.45,9719.662,9290.807,9259.648,198214448,-487.427,-4.99,10115.504,10165.599,10874.166,233360470.4,236793809.6,264335050.4
2015-09-16,9330.755,9933.83,9890.429,9297.198,234801008,599.622,6.45,9969.563,10099.726,10689.992,217935488,233603654.4,259734640
2015-09-17,9872.041,10147.175,9739.89,9739.89,273715616,-150.539,-1.52,9832.61,10057.463,10542.794,227615776,236346070.4,253968675.2
2015-09-18,9806.716,9914.585,9850.772,9691.064,187680992,110.882,1.14,9710.026,10037.06,10387.3,227058956.8,229196796.8,246765297.6
2015-09-21,9732.122,10176.727,10176.727,9701.325,227167856,325.955,3.31,9789.725,10055.556,10266.907,224315984,229059526.4,243935903.2
2015-09-22,10200.547,10357.417,10238.686,10121.741,263897888,61.959,0.61,9979.301,10047.402,10183.739,237452672,235406571.2,244122758.4
2015-09-23,10071.333,10250.453,10132.295,10040.948,231844016,-106.391,-1.04,10027.674,9998.619,10141.839,236861273.6,227398380.8,246023491.2
2015-09-24,10178.098,10288.184,10238.038,10124.128,221491616,105.743,1.04,10127.304,9979.957,10143.845,226416473.6,227016124.8,246160734.4
2015-09-25,10184.88,10249.242,9904.764,9835.842,226740128,-333.274,-3.25,10138.102,9924.064,10144.097,234228300.8,230643628.8,241161382.4
2015-09-28,9919.562,10124.313,10115.547,9796.929,164021024,210.783,2.13,10125.866,9957.796,10137.157,221598934.4,222957459.2,235764340.8
2015-09-29,9962.581,10070.254,9949.918,9873.781,174480896,-165.629,-1.64,10068.112,10023.707,10094.653,203715536,220584104,228688956.8
2015-09-30,10004.795,10048.859,9988.25,9890.706,149803840,38.332,0.39,10039.303,10033.489,10066.607,187307500.8,212084387.2,222844020.8
2015-10-07,10064.952,10126.635,10091.565,10064.952,4861174,103.315,1.03,10010.009,10068.656,10063.06,143981412.4,185198943,210772506.7
2015-10-08,10332.235,10477.209,10394.734,10265,230687952,406.484,4.07,10108.003,10123.052,10080.056,144770977.2,189499639,209348217.9
2015-10-09,10386.806,10589.519,10540.194,10363.984,241885584,145.46,1.4,10192.932,10159.399,10107.478,160343889.2,190971411.8,210015469.1
2015-10-12,10599.884,11069.681,10961.363,10593.538,341342688,421.169,4,10395.221,10231.667,10139.535,193716247.6,198715891.8,217061231.5
2015-10-13,10885.105,11072.996,11042.13,10850.723,295156224,80.767,0.74,10605.997,10322.65,10160.634,222786724.4,205047112.6,216222746.7
2015-10-14,10997.082,11095.338,10901.479,10880.108,296102784,-140.651,-1.27,10767.98,10388.994,10184.476,281035046.4,212508229.4,219762177.1
2015-10-15,10862.112,11229.38,11229.38,10862.112,308490272,327.901,3.01,10934.909,10521.456,10222.76,296595510.4,220683243.8,225663436.3
2015-10-16,11301.935,11384.24,11374.834,11172.042,357297280,145.454,1.29,11101.837,10647.385,10302.59,319677849.6,240010869.4,231484164.3
2015-10-19,11426.518,11498.24,11391.013,11245.014,354363168,16.179,0.14,11187.767,10791.494,10407.6,322281945.6,257999096.6,239291600.3
2015-10-20,11372.178,11597.156,11597.08,11335.783,328949408,206.067,1.81,11298.757,10952.377,10492.933,329040582.4,275913653.4,243999020.3
2015-10-21,11592.199,11641.893,10915.986,10872.567,421745952,-681.094,-5.87,11301.659,11034.819,10551.738,354169216,317602131.2,251400537.1
2015-10-22,10921.178,11320.011,11305.103,10910.879,326831296,389.117,3.56,11316.803,11125.856,10624.454,357837420.8,327216465.6,258358052.3
2015-10-23,11397.199,11653.087,11603.456,11345.527,378978816,298.353,2.64,11362.528,11232.182,10695.791,362173728,340925788.8,265948600.3
2015-10-26,11765.652,11789.02,11687.772,11534.826,391547488,84.316,0.73,11421.879,11304.823,10768.245,369610592,345946268.8,272331080.3
2015-10-27,11588.942,11820.723,11758.413,11229.102,366332032,70.641,0.6,11454.146,11376.452,10849.551,377087116.8,353063849.6,279055481.1
2015-10-28,11689.287,11834.073,11494.347,11446.43,341529344,-264.066,-2.25,11569.818,11435.738,10912.366,361043795.2,357606505.6,285057367.5
2015-10-29,11565.713,11694.781,11566.662,11406.102,281809600,72.315,0.63,11622.13,11469.467,10995.461,352039456,354938438.4,287810841.1
2015-10-30,11542.014,11711.037,11546.051,11369.395,296335936,-20.611,-0.18,11610.649,11486.588,11066.987,335510880,348842304,294426586.7
2015-11-02,11306.204,11637.988,11304.882,11266.038,274690912,-241.169,-2.09,11534.071,11477.975,11134.735,312139564.8,340875078.4,299437087.5
2015-11-03,11341.303,11416.838,11288.144,11200.597,224051312,-16.738,-0.15,11440.017,11447.082,11199.729,283683420.8,330385268.8,303149461.1
2015-11-04,11351.249,11884.9,11884.9,11351.249,339438208,596.756,5.29,11518.128,11543.973,11289.396,283265193.6,322154494.4,319878312.8
2015-11-05,11908.688,12091.53,11939.81,11853.464,429137152,54.91,0.46,11592.757,11607.444,11366.65,312730704,332385080,329800772.8
2015-11-06,11952.512,12292.424,12273.351,11952.512,377370592,333.541,2.79,11738.217,11674.433,11453.308,328937635.2,332224257.6,336575023.2
2015-11-09,12227.405,12538.352,12453.241,12145.064,422232448,179.89,1.47,11967.889,11750.98,11527.902,358445942.4,335292753.6,340619511.2
2015-11-10,12390.527,12597.163,12500.528,12349.033,400913312,47.287,0.38,12210.366,11825.192,11600.822,393818342.4,338750881.6,345907365.6
2015-11-11,12509.525,12687.196,12677.537,12445.288,382124832,177.009,1.42,12368.893,11943.511,11689.625,402355667.2,342810430.4,350208468
2015-11-12,12735.502,12758.673,12635.393,12483.34,403545120,-42.144,-0.33,12508.01,12050.384,11759.925,397237260.8,354983982.4,354961210.4
2015-11-13,12492.942,12574.962,12402.036,12272.381,362993472,-233.357,-1.85,12533.747,12135.982,11811.285,394361836.8,361649736,355246020
2015-11-16,12180.986,12620.38,12620.38,12171.662,292408256,218.344,1.76,12567.175,12267.532,11872.754,368396998.4,363421470.4,352148274.4
2015-11-17,12744.793,12827.201,12511.545,12478.973,403496960,-108.835,-0.86,12569.378,12389.872,11918.477,368913728,381366035.2,355875652
2015-11-18,12516.14,12580.913,12283.758,12257.042,306149504,-227.787,-1.82,12490.622,12429.758,11986.865,353718662.4,378037164.8,350095829.6
2015-11-19,12326.161,12609.844,12609.844,12309.785,294467424,326.086,2.65,12485.513,12496.761,12052.103,331903123.2,364570192,348477636
2015-11-20,12650.248,12766.261,12702.034,12565.801,364726720,92.19,0.73,12545.512,12539.63,12107.031,332249772.8,363305804.8,347765031.2
2015-11-23,12699.146,12806.316,12586.691,12539.98,362385504,-115.343,-0.91,12538.774,12552.975,12151.977,346245222.4,357321110.4,346306932
2015-11-24,12580.717,12694.856,12694.856,12438.921,283930688,108.165,0.86,12575.437,12572.407,12198.8,322331968,345622848,342186864.8
2015-11-25,12696.132,12904.787,12893.228,12666.188,325415904,198.372,1.56,12697.331,12593.977,12268.744,326185248,339951955.2,341381192.8
2015-11-26,12951.998,12970.47,12767.502,12747.892,349661632,-125.726,-0.97,12728.862,12607.187,12328.786,337224089.6,334563606.4,344773794.4
2015-11-27,12697.507,12733.452,11961.703,11880.321,371475168,-805.799,-6.31,12580.796,12563.154,12349.568,338573779.2,335411776,348530756
2015-11-30,11991.701,12121.219,12037.857,11455.495,325215296,76.154,0.64,12471.029,12504.902,12386.217,331139737.6,338692480,351056975.2
2015-12-01,12022.835,12206.165,12081.17,11938.627,270222240,43.313,0.36,12348.292,12461.864,12425.868,328398048,325365008,353365521.6
2015-12-02,12068.977,12188.011,12186.271,11830.989,263999920,105.101,0.87,12206.901,12452.116,12440.937,316114851.2,321150049.6,349593607.2
2015-12-03,12205.439,12447.381,12447.381,12205.439,249532944,261.11,2.14,12142.876,12435.869,12466.315,296089113.6,316656601.6,340613396.8
2015-12-04,12384.496,12474.457,12329.176,12268.494,268070336,-118.205,-0.95,12216.371,12398.584,12469.107,275408147.2,306990963.2,335148384
2015-12-07,12351.405,12467.852,12443.047,12262.13,247670384,113.871,0.92,12297.409,12384.219,12468.597,259899164.8,295519451.2,326420280.8
2015-12-08,12371.109,12371.109,12164.966,12151.153,261043072,-278.081,-2.23,12314.168,12331.23,12451.819,258063331.2,293230689.6,319426768.8
2015-12-09,12112.197,12257.581,12179.831,12091.764,232964400,14.865,0.12,12312.88,12259.89,12426.933,251856227.2,283985539.2,311968747.2
2015-12-10,12180.774,12318.044,12181.03,12158.653,228638944,1.199,0.01,12259.61,12201.243,12404.215,247677427.2,271883270.4,303223438.4
2015-12-11,12120.595,12228.29,12134.02,12051.444,204665888,-47.01,-0.39,12220.579,12218.475,12390.815,234996537.6,255202342.4,295307059.2
2015-12-14,12023.814,12400.594,12400.594,12004.486,214942208,266.574,2.2,12212.088,12254.749,12379.825,228450902.4,244175033.6,291433756.8
2015-12-15,12412.465,12553.788,12495.249,12412.465,228293824,94.655,0.76,12278.145,12296.157,12379.01,221901052.8,239982192,282673600
2015-12-16,12533.112,12595.124,12511.028,12471.094,235451312,15.779,0.13,12344.384,12328.632,12390.374,222398435.2,237127331.2,279138690.4
2015-12-17,12602.667,12825.48,12825.48,12602.667,328537664,314.452,2.51,12473.274,12366.442,12401.156,242378179.2,245027803.2,280842202.4
2015-12-18,12825.023,12904.078,12830.247,12763.431,305752704,4.767,0.04,12612.52,12416.549,12407.566,262595542.4,248796040,277893501.6
2015-12-21,12824.433,13047.125,13028.31,12816.715,298490688,198.063,1.54,12738.063,12475.076,12429.647,279305238.4,253878070.4,274698760.8
2015-12-22,13064.686,13139.125,13139.125,12980.377,288396544,110.815,0.85,12866.838,12572.491,12451.861,291325782.4,256613417.6,274922053.6
2015-12-23,13142.526,13187.052,13007.868,12974.628,312253248,-131.257,-1,12966.206,12655.295,12457.593,306686169.6,264542302.4,274263920.8
2015-12-24,12977.248,13003.784,12932.372,12770.359,232550080,-75.496,-0.58,12987.584,12730.429,12465.836,287488652.8,264933416,268408343.2
2015-12-25,12960.255,13012.743,12980.566,12898.472,214331264,48.194,0.37,13017.648,12815.084,12516.779,269204364.8,265899953.6,260551148
2015-12-28,13025.657,13064.5,12686.34,12686.34,279782368,-294.226,-2.27,12949.254,12843.659,12549.204,265462700.8,272383969.6,258279501.6
2015-12-29,12676.614,12806.156,12806.156,12598.105,215009936,119.816,0.94,12882.66,12874.749,12585.453,250785379.2,271055580.8,255518886.4
2015-12-30,12826.477,12899.944,12889.834,12768.168,231731888,83.678,0.65,12859.054,12912.63,12620.631,234681107.2,270683638.4,253905484.8
2015-12-31,12893.12,12921.711,12664.89,12664.533,222261744,-224.944,-1.75,12805.557,12896.571,12631.506,232623440,260056046.4,252541924.8
2016-01-04,12650.719,12659.408,11626.038,11625.409,204855280,-1038.852,-8.2,12534.652,12776.15,12596.35,230728243.2,249966304,249381172
2016-01-05,11116.9,11687.48,11468.06,11063.642,294290848,-157.978,-1.36,12290.996,12620.125,12547.6,233629939.2,249546320,251712195.2
2016-01-06,11520.772,11730.48,11724.88,11413.984,253497232,256.82,2.24,12074.74,12478.7,12525.596,241327398.4,246056388.8,251334903.2
2016-01-07,11504.9,11504.9,10760.273,10745.47,71661952,-964.607,-8.23,11648.828,12253.941,12454.618,209313411.2,221997259.2,243269780.8
2016-01-08,11008.894,11121.777,10888.908,10376.29,285149344,128.635,1.2,11293.632,12049.595,12390.012,221890931.2,227257185.6,246095300.8
2016-01-11,10656.87,10809.568,10212.459,10212.459,261299248,-676.449,-6.21,11010.916,11772.784,12293.934,233179724.8,231953984,248926968.8
2016-01-12,10243.569,10414.936,10293.704,10065.09,217637344,81.245,0.8,10776.045,11533.52,12188.589,217849024,225739481.6,249061725.6
2016-01-13,10347.084,10435.239,9978.821,9978.821,208940528,-314.883,-3.06,10426.833,11250.787,12062.768,208937683.2,225132540.8,248094060.8
2016-01-14,9678.216,10357.952,10344.942,9668.896,228512688,366.121,3.67,10343.767,10996.298,11954.464,240307830.4,224810620.8,247747129.6
2016-01-15,10268.947,10363.822,9997.925,9940.889,221160176,-347.017,-3.35,10165.57,10729.601,11813.086,227509996.8,224700464,242378255.2
2016-01-18,9807.248,10273.586,10155.962,9807.248,193371616,158.037,1.58,10154.271,10582.593,11679.372,213924470.4,223552097.6,236759200.8
2016-01-19,10137.38,10519.667,10501.786,10105.546,231434576,345.824,3.4,10195.887,10485.966,11553.045,216683916.8,217266470.4,233406395.2
2016-01-20,10434.355,10554.035,10366.849,10297.817,229661632,-134.937,-1.28,10273.493,10350.163,11414.432,220828137.6,214882910.4,230469649.6
2016-01-21,10207.421,10475.512,9975.974,9975.974,210049968,-390.875,-3.77,10199.699,10271.733,11262.837,217135593.6,228721712,225359485.6
2016-01-22,10095.425,10171.919,10111.567,9837.744,178117792,135.593,1.36,10222.428,10193.999,11121.797,208527116.8,218018556.8,222637871.2
2016-01-25,10194.752,10291.495,10192.531,10103.65,165141232,80.964,0.8,10229.741,10192.006,10982.395,202881040,208402755.2,220178369.6
2016-01-26,10079.222,10104.468,9483.547,9463.307,213988368,-708.984,-6.96,10026.094,10110.99,10822.255,199391798.4,208037857.6,216888669.6
2016-01-27,9525.611,9556.834,9422.43,8986.518,221352704,-61.117,-0.64,9837.21,10055.351,10653.069,197730012.8,209279075.2,217205808
2016-01-28,9309.871,9430.556,9082.588,9045.495,168852752,-339.842,-3.61,9658.533,9929.116,10462.707,189490569.6,203313081.6,214061851.2
2016-01-29,9077.106,9491.058,9418.204,9056.043,180895264,335.616,3.69,9519.86,9871.144,10300.372,190046064,199286590.4,211993527.2
2016-02-01,9389.624,9457.433,9322.006,9196.152,153653488,-96.198,-1.02,9345.755,9787.748,10185.171,187748515.2,195314777.6,209433437.6
2016-02-02,9332.694,9646.952,9610.93,9332.694,167598240,288.924,3.1,9371.232,9698.663,10092.314,178470489.6,188931144,203098807.2
2016-02-03,9509.501,9679.543,9638.874,9453.158,158729872,27.944,0.29,9414.52,9625.865,9988.014,165945923.2,181837968,198360439.2
2016-02-04,9667.907,9844.02,9793.069,9667.907,179719328,154.195,1.6,9556.617,9607.575,9939.654,168119238.4,178804904,203763308
2016-02-05,9802.249,9830.075,9673.478,9670.022,147328672,-119.591,-1.22,9607.671,9563.766,9878.882,161405920,175725992,196872274.4
2016-02-15,9385.524,9725.181,9668.845,9385.524,137361520,-4.633,-0.05,9677.039,9511.397,9851.702,158147526.4,172948020.8,190675388
2016-02-16,9727.764,10071.021,10045.367,9727.764,200401248,376.522,3.89,9763.927,9567.579,9839.285,164708128,171589308.8,189813583.2
2016-02-17,10043.689,10178.55,10161.769,9982.167,230764912,116.402,1.16,9868.506,9641.513,9848.432,179115136,172530529.6,190904802.4
2016-02-18,10231.263,10273.633,10116.396,10099.102,237235776,-45.373,-0.45,9933.171,9744.894,9837.005,190618425.6,179368832,191340956.8
2016-02-19,10091.675,10225.992,10162.315,10066.043,190410944,45.919,0.45,10030.938,9819.305,9845.224,199234880,180320400,189803495.2
2016-02-22,10290.05,10371.144,10370.985,10239.581,235950816,208.67,2.05,10171.366,9924.203,9855.975,218952739.2,188550132.8,191932455.2
2016-02-23,10374.357,10397.523,10299.674,10171.675,227973808,-71.311,-0.69,10222.228,9993.077,9845.87,224467251.2,194587689.6,191759416.8
2016-02-24,10256.392,10355.323,10307.626,10100.504,222308176,7.952,0.08,10251.399,10059.952,9842.909,222775904,200945520,191391744
2016-02-25,10290.956,10290.956,9551.076,9510.099,270406688,-756.55,-7.34,10138.335,10035.753,9821.664,229410086.4,210014256,194409580
2016-02-26,9625.367,9676.24,9573.704,9392.669,208500416,22.628,0.24,10020.613,10025.776,9794.771,233027980.8,216131430.4,195928711.2
2016-02-29,9528.724,9528.724,9097.362,9000.888,208654400,-476.342,-4.98,9765.888,9968.627,9740.012,227568697.6,223260718.4,198104369.6
2016-03-01,9116.557,9384.311,9322,9011.509,210109008,224.638,2.47,9570.354,9896.291,9731.935,223995737.6,224231494.4,197910401.6
2016-03-02,9308.49,9781.914,9766.366,9308.49,269773504,444.366,4.77,9462.102,9856.75,9749.132,233488803.2,228132353.6,200331441.6
2016-03-03,9770.739,9946.935,9762.014,9748.997,288666944,-4.352,-0.04,9504.289,9821.312,9783.103,237140854.4,233275470.4,206322151.2
2016-03-04,9721.225,9797.56,9536.707,9447.108,260496576,-225.307,-2.31,9496.89,9758.751,9789.028,247540086.4,240284033.6,210302216.8
2016-03-07,9642.25,9805.369,9703.83,9614.691,198685984,167.123,1.75,9618.183,9692.036,9808.119,245546403.2,236557550.4,212553841.6
2016-03-08,9690.569,9732.727,9732.727,9348.76,230994064,28.897,0.3,9700.329,9635.341,9814.209,249723414.4,236859576,215723632.8
2016-03-09,9525.255,9672.487,9523.144,9466.487,180320848,-209.583,-2.15,9651.684,9556.893,9808.423,231832883.2,232660843.2,216803181.6
2016-03-10,9526.187,9600.231,9390.347,9382.158,151024896,-132.797,-1.39,9577.351,9540.82,9788.287,204304473.6,220722664,215368460
2016-03-11,9286.525,9430.953,9363.405,9254.236,127013352,-26.942,-0.29,9542.691,9519.79,9772.783,177607828.8,212573957.6,214352694
2016-03-14,9466.419,9763.365,9665.13,9466.419,206576992,301.725,3.22,9534.951,9576.567,9772.597,179186030.4,212366216.8,217813467.6
2016-03-15,9636.632,9677.482,9574.187,9536.27,171548464,-90.943,-0.94,9503.243,9601.786,9749.038,167296910.4,208510162.4,216370828.4
2016-03-16,9629.817,9661.929,9469.028,9418.549,158569568,-105.159,-1.1,9492.419,9572.052,9714.401,162946654.4,197389768.8,212761061.2
2016-03-17,9515.626,9820.99,9791.85,9511.714,232923920,322.822,3.41,9572.72,9575.036,9698.174,179326459.2,191815466.4,212545468.4
2016-03-18,9841.04,10170.688,10126.589,9833.109,318038496,334.739,3.42,9725.357,9634.024,9696.388,217531488,197569658.4,218926846
2016-03-21,10255.903,10394.142,10394.142,10234.648,338114656,267.553,2.64,9871.159,9703.055,9697.545,243839020.8,211512525.6,224035038
2016-03-22,10308.911,10435.132,10344.082,10254.688,279156480,-50.06,-0.48,10025.138,9764.19,9699.766,265360624,216328767.2,226594171.6
2016-03-23,10317.934,10442.382,10442.382,10277.247,247866736,98.3,0.95,10219.809,9856.114,9706.504,283220057.6,223083356,227872099.6
2016-03-24,10346.556,10473.216,10283.679,10263.562,270355872,-158.703,-1.52,10318.175,9945.447,9743.134,290706448,235016453.6,227869558.8
2016-03-25,10256.41,10371.523,10339.684,10223.16,209957248,56.005,0.55,10360.794,10043.075,9781.433,269090198.4,243310843.2,227942400.4
2016-03-28,10399.165,10494.203,10276.84,10248.266,239851376,-62.844,-0.61,10337.333,10104.246,9840.407,249437542.4,246638281.6,229502249.2
2016-03-29,10259.713,10278.998,10094.712,10024.059,207050080,-182.128,-1.77,10287.459,10156.299,9879.042,235016262.4,250188443.2,229349302.8
2016-03-30,10187.64,10445.691,10445.691,10187.64,230625504,350.979,3.48,10288.121,10253.965,9913.009,231568016,257394036.8,227391902.8
2016-03-31,10494.523,10552.578,10455.369,10426.448,250739232,9.678,0.09,10322.459,10320.317,9947.676,227644688,259175568,225495517.2
2016-04-01,10410.679,10442.299,10379.647,10224.372,215708416,-75.722,-0.72,10330.452,10345.623,9989.823,228794921.6,248942560,223256109.2
2016-04-05,10393.65,10656.152,10640.268,10373.539,262935840,260.621,2.51,10403.137,10370.235,10036.645,233411814.4,241424678.4,226468602
2016-04-06,10604.231,10696.034,10683.857,10570.143,261054416,43.589,0.41,10520.966,10404.213,10084.202,244212681.6,239614472,227971619.6
2016-04-07,10719.268,10743.23,10504.882,10504.882,266086464,-178.975,-1.68,10532.805,10410.463,10133.289,251304873.6,241436444.8,232259900.4
2016-04-08,10425.014,10457.009,10413.54,10288.796,222155696,-91.342,-0.87,10524.439,10423.449,10184.448,245588166.4,236616427.2,235816440.4
2016-04-11,10513.868,10667.036,10609.595,10513.868,245676240,196.055,1.88,10570.428,10450.44,10246.758,251581731.2,240188326.4,241749584.8
2016-04-12,10600.795,10624.591,10533.405,10430.311,217142976,-76.19,-0.72,10549.056,10476.097,10290.171,242423158.4,237917486.4,242277884
2016-04-13,10599.215,10810.408,10684.921,10599.215,310650976,151.516,1.44,10549.269,10535.118,10345.708,252342470.4,248277576,249233009.6
2016-04-14,10741.647,10771.959,10771.614,10651.92,240663856,86.693,0.81,10602.615,10567.71,10410.837,247257948.8,249281411.2,253337724
2016-04-15,10774.488,10784.597,10733.635,10680.743,218468768,-37.979,-0.35,10666.634,10595.536,10457.927,246520563.2,246054364.8,252614966.4
2016-04-18,10665.44,10665.44,10568.93,10508.979,208783392,-164.705,-1.53,10658.501,10614.465,10480.044,239141993.6,245361862.4,247152211.2
2016-04-19,10618.835,10649.246,10602.464,10531.542,188697184,33.534,0.32,10672.313,10610.684,10490.46,233452835.2,237937996.8,239681337.6
2016-04-20,10632.07,10647.094,10164.744,10011.567,304527936,-437.72,-4.13,10568.277,10558.773,10481.493,232228227.2,242285348.8,240949910.4
2016-04-21,10120.114,10242.362,10058.801,10049.349,213752864,-105.943,-1.04,10425.715,10514.165,10462.314,226846028.8,237051988.8,239244216.8
2016-04-22,9995.124,10151.764,10151.764,9976.045,170672528,92.963,0.92,10309.341,10487.987,10455.718,217286780.8,231903672,234260049.6
2016-04-25,10122.126,10137.745,10106.787,9986.393,154085296,-44.977,-0.44,10216.912,10437.707,10444.073,206347161.6,222744577.6,231466452
2016-04-26,10095.959,10209.901,10209.901,10076.744,151350992,103.114,1.02,10138.399,10405.356,10440.726,198877923.2,216165379.2,227041432.8
2016-04-27,10221.826,10279.087,10174.159,10159.497,169442960,-35.742,-0.35,10140.282,10354.28,10444.699,171860928,202044577.6,225161076.8
2016-04-28,10178.237,10198.953,10149.909,9990.671,169807424,-24.25,-0.24,10158.504,10292.109,10429.91,163071840,194958934.4,222120172.8
2016-04-29,10111.614,10196.923,10141.541,10100.183,140358944,-8.368,-0.08,10156.459,10232.9,10414.218,157009123.2,187147952,216601158.4
2016-05-03,10144.153,10441.92,10441.92,10105.799,203638720,300.379,2.96,10223.486,10220.199,10417.332,166919808,186633484.8,215997673.6
2016-05-04,10401.675,10498.315,10422.802,10389.771,205626896,-19.118,-0.18,10266.066,10202.233,10406.459,177774988.8,188326456,213132226.4
2016-05-05,10403.55,10480.221,10474.013,10372.216,180871152,51.211,0.49,10326.037,10233.16,10395.966,180060627.2,175960777.6,209123063.2
2016-05-06,10473.303,10501.435,10100.535,10100.535,259249728,-373.478,-3.57,10316.162,10237.333,10375.749,197949088,180510464,208781226.4
2016-05-09,10018.507,10018.507,9790.477,9747.872,201947424,-310.058,-3.07,10245.949,10201.204,10344.596,210266784,183637953.6,207770812.8
2016-05-10,9770.303,9836.976,9793.214,9738.518,136891200,2.737,0.03,10116.208,10169.847,10303.777,196917280,181918544,202331560.8
2016-05-11,9848.324,9904.531,9781.15,9743.075,154095616,-12.064,-0.12,9987.878,10126.972,10266.164,186611024,182193006.4,199179192.8
2016-05-12,9664.28,9801.201,9796.581,9544.123,156009504,15.431,0.16,9852.391,10089.214,10221.747,181638694.4,180849660.8,191447119.2
2016-05-13,9769.129,9880.694,9759.267,9710.167,142455936,-37.314,-0.38,9784.138,10050.15,10171.13,158279936,178114512,186536723.2
2016-05-16,9729.793,9910.082,9910.082,9690.329,149063776,150.815,1.54,9808.059,10027.004,10129.952,147703206.4,178984995.2,183066473.6
2016-05-17,9918.435,10007.382,9908.791,9839.858,177572080,-1.291,-0.01,9831.174,9973.691,10096.945,155839382.4,176378331.2,181505908
2016-05-18,9835.581,9835.581,9694.776,9591.176,177671440,-214.015,-2.16,9813.899,9900.889,10051.561,160554547.2,173582785.6,180954620.8
2016-05-19,9684.117,9847.215,9733.736,9684.117,156519120,38.96,0.4,9801.33,9826.861,10030.01,160656470.4,171147582.4,173554180
2016-05-20,9657.745,9816.752,9816.752,9628.984,149982320,83.016,0.85,9812.827,9798.483,10017.908,162161747.2,160220841.6,170365652.8
2016-05-23,9839.782,9937.829,9918.164,9839.763,168995984,101.412,1.03,9814.444,9811.251,10006.228,166148188.8,156925697.6,170281825.6
2016-05-24,9903.17,9903.17,9821.698,9765.654,155743072,-96.466,-0.97,9797.025,9814.1,9991.973,161782387.2,158810884.8,170364714.4
2016-05-25,9883.939,9930.807,9784.597,9756.524,151806992,-37.101,-0.38,9814.989,9814.444,9970.708,156609497.6,158582022.4,170387514.4
2016-05-26,9766.081,9826.144,9826.144,9605.447,166070288,41.547,0.42,9833.471,9817.401,9953.307,158519731.2,159588100.8,170218880.8
2016-05-27,9798.344,9878.741,9813.631,9775.219,159719984,-12.513,-0.13,9832.847,9822.837,9936.494,160467264,161314505.6,169714508.8
2016-05-30,9756.874,9847.699,9768.84,9681.24,138615552,-44.791,-0.46,9802.982,9808.713,9917.859,154391177.6,160269683.2,169627339.2
2016-05-31,9786.002,10159.934,10159.934,9786.002,255837040,391.094,4,9870.629,9833.827,9903.759,174409971.2,168096179.2,172237255.2
2016-06-01,10184.226,10284.36,10209.142,10177.215,265378464,49.208,0.48,9955.538,9885.264,9893.076,197124265.6,176866881.6,175224833.6
2016-06-02,10192.512,10274.025,10274.025,10181.179,231725616,64.883,0.64,10045.114,9939.293,9883.077,210255331.2,184387531.2,177767556.8
2016-06-03,10275.941,10412.948,10344.908,10258.023,251444672,70.883,0.69,10151.37,9992.108,9895.295,228600268.8,194533766.4,177377304
2016-06-06,10383.453,10403.805,10363.085,10296.178,208363872,18.177,0.18,10270.219,10036.6,9923.926,242549932.8,198470555.2,177698126.4
2016-06-07,10365.814,10371.872,10347.841,10297.415,199520848,-15.244,-0.15,10307.8,10089.215,9951.657,231286694.4,202848332.8,180829608.8
2016-06-08,10330.181,10372.978,10316.823,10232.13,208133520,-31.018,-0.3,10329.336,10142.437,9978.441,219837705.6,208480985.6,183531504
2016-06-13,10190.781,10256.622,9862.584,9862.584,233249792,-454.239,-4.4,10247.048,10146.081,9981.741,220142540.8,215198936,187393518.4
2016-06-14,9830.551,9927.595,9895.15,9795.936,169160288,32.566,0.33,10157.097,10154.233,9988.535,203685664,216142966.4,188728736
2016-06-15,9790.877,10215.61,10173.846,9779.108,229617520,278.696,2.82,10119.249,10194.734,10001.723,207936393.6,225243163.2,192756423.2
2016-06-16,10154.182,10199.522,10115.122,10090.234,234661824,-58.724,-0.58,10072.705,10190.253,10012.04,214964588.8,223125641.6,195610910.4
2016-06-17,10135.377,10261.965,10182.526,10113.954,226520288,67.404,0.67,10045.846,10187.591,10036.427,218641942.4,219239824,198053352.8
2016-06-20,10183.771,10241.907,10221.852,10101.631,199578496,39.326,0.39,10117.699,10182.374,10060.833,211907683.2,216025112,200206321.6
2016-06-21,10285.042,10357.183,10131.856,10093.152,234898496,-89.996,-0.88,10165.04,10161.069,10076.588,225055324.8,214370494.4,204452130.4
2016-06-22,10108.958,10297.977,10297.977,10104.883,197126768,166.121,1.64,10189.867,10154.558,10095.579,218557174.4,213246784,205858669.6
2016-06-23,10288.466,10312.614,10255.268,10183.01,217227968,-42.709,-0.41,10217.896,10145.3,10117.258,215070403.2,215017496,208932914.4
2016-06-24,10235.045,10315.349,10147.704,9901.9,270946432,-107.564,-1.05,10210.931,10128.389,10135.413,223955632,221298787.2,214889886.4
2016-06-27,10090.053,10377.573,10377.573,10090.053,234958800,229.869,2.27,10242.076,10179.887,10162.984,231031692.8,221469688,218334312
2016-06-28,10330.121,10475.762,10463.448,10309.23,268308768,85.875,0.83,10308.394,10236.717,10195.475,237713747.2,231384536,223763751.2
2016-06-29,10499.907,10527.687,10460.967,10434.235,249559904,-2.481,-0.02,10340.992,10265.429,10230.082,248200374.4,233378774.4,229310968.8
2016-06-30,10474.935,10509.986,10489.993,10435.529,223147008,29.026,0.28,10387.937,10302.916,10246.585,249384182.4,232227292.8,227676467.2
2016-07-01,10506.224,10555.953,10458.432,10436.596,204800608,-31.561,-0.3,10450.083,10330.507,10259.049,236155017.6,230055324.8,224647574.4
2016-07-04,10369.69,10631.571,10609.859,10362.853,254107840,151.427,1.45,10496.54,10369.308,10275.841,239984825.6,235508259.2,225766685.6
2016-07-05,10598.419,10626.02,10602.772,10546.702,263764208,-7.087,-0.07,10524.405,10416.399,10288.734,239075913.6,238394830.4,226382662.4
2016-07-06,10567.668,10641.647,10641.647,10538.096,249830736,38.875,0.37,10560.541,10450.766,10302.662,239130080,243665227.2,228456005.6
2016-07-07,10612.231,10662.704,10620.582,10526.813,280981984,-21.065,-0.2,10586.658,10487.298,10316.299,250697075.2,250040628.8,232529062.4
2016-07-08,10613.714,10672.921,10611.802,10560.307,226836464,-8.78,-0.08,10617.332,10533.708,10331.048,255104246.4,245629632,233464209.6
2016-07-11,10633.625,10734.338,10594.819,10587.959,262658128,-16.983,-0.16,10614.324,10555.432,10367.66,256814304,248399564.8,234934626.4
2016-07-12,10583.168,10757.845,10757.845,10487.549,283692416,163.026,1.54,10645.339,10584.872,10410.795,260799945.6,249937929.6,240661232.8
2016-07-13,10794.501,10890.023,10853.555,10772.83,285320800,95.71,0.89,10687.721,10624.131,10444.78,267897958.4,253514019.2,243446396.8
2016-07-14,10834.902,10866.439,10854.135,10786.494,235098208,0.58,0.01,10734.431,10660.545,10481.731,258721203.2,254709139.2,243468216
2016-07-15,10854.499,10869.067,10823.214,10774.544,225067264,-30.921,-0.28,10776.714,10697.023,10513.765,258367363.2,256735804.8,243395564.8
2016-07-18,10793.175,10835.303,10761.999,10708.739,218879296,-61.215,-0.57,10810.15,10712.237,10540.772,249611596.8,253212950.4,244360604.8
2016-07-19,10753.873,10783.218,10778.248,10661.386,200363648,16.249,0.15,10814.23,10729.785,10573.092,232945843.2,246872894.4,242633862.4
2016-07-20,10775.56,10818.945,10759.86,10740.594,201056496,-18.388,-0.17,10795.491,10741.606,10596.186,216092982.4,241995470.4,242830348.8
2016-07-21,10758.335,10872.344,10787.212,10746.877,215917936,27.352,0.25,10782.107,10758.269,10622.783,212256928,235489065.6,242764847.2
2016-07-22,10782.242,10801.469,10709.067,10700.111,209978880,-78.145,-0.72,10759.277,10767.995,10650.851,209239251.2,233803307.2,239716469.6
2016-07-25,10684.55,10778.726,10718.355,10668.641,193466400,9.288,0.09,10750.548,10780.349,10667.891,204156672,226884134.4,237641849.6
2016-07-26,10714.751,10852.206,10852.206,10713.695,189431008,133.851,1.25,10765.34,10789.785,10687.328,201970144,217457993.6,233697961.6
2016-07-27,10858.702,10873.262,10405.85,10289.956,319061888,-446.356,-4.11,10694.538,10745.015,10684.573,225571222.4,220832102.4,237173060.8
2016-07-28,10386.834,10481.688,10396.305,10262.3,218537280,-9.545,-0.09,10616.357,10699.232,10679.888,226095091.2,219176009.6,236942574.4
2016-07-29,10384.401,10411.126,10329.435,10294.495,168147008,-66.87,-0.64,10540.43,10649.854,10673.438,217728716.8,213483984,235109894.4
2016-08-01,10289.885,10290.05,10185.477,10086.645,171711760,-143.958,-1.39,10433.855,10592.202,10652.219,213377788.8,208767230.4,230990090.4
2016-08-02,10173.341,10250.545,10250.545,10157.853,128236280,65.068,0.64,10313.522,10539.431,10634.608,201138843.2,201554493.6,224213694
2016-08-03,10229.473,10295.756,10281.247,10205.984,150021872,30.702,0.3,10288.602,10491.57,10616.588,167330840,196451031.2,219223250.8
2016-08-04,10272.715,10376.213,10366.498,10235.697,166288112,85.251,0.83,10282.64,10449.499,10603.884,156881006.4,191488048.8,213488557.2
2016-08-05,10368.797,10420.425,10342.279,10333.316,159042496,-24.219,-0.23,10285.209,10412.82,10590.408,155060104,186394410.4,210098858.8
2016-08-08,10314.996,10468.884,10468.884,10259.304,168014416,126.605,1.22,10341.891,10387.873,10584.111,154320635.2,183849212,205366673.2
2016-08-09,10466.038,10564.775,10564.775,10457.823,184955216,95.891,0.92,10404.737,10359.13,10574.457,165664422.4,183401632.8,200429813.2
2016-08-10,10558.486,10594.771,10511.159,10510.912,187720192,-53.616,-0.51,10450.719,10369.66,10557.338,173204086.4,170267463.2,195549782.8
2016-08-11,10496.435,10526.348,10390.956,10390.956,180178480,-120.203,-1.14,10455.611,10369.125,10534.179,175982160,166431583.2,192803796.4
2016-08-12,10373.049,10528.104,10528.104,10364.466,169956752,137.148,1.32,10492.776,10388.992,10519.423,178165011.2,166612557.6,190048270.8
2016-08-15,10556.4,10862.956,10822.105,10552.951,285306880,294.001,2.79,10563.42,10452.655,10522.428,201623504,177972069.6,193369650
2016-08-16,10845.618,10913.22,10882.951,10845.07,261239936,60.846,0.56,10627.055,10515.896,10527.664,216880448,191272435.2,196413464.4
2016-08-17,10879.988,10936.578,10890.688,10832.776,239624656,7.737,0.07,10702.961,10576.84,10534.205,227261340.8,200232713.6,198341872.4
2016-08-18,10873.65,10946.739,10879.196,10834.011,254258448,-11.492,-0.11,10800.609,10628.11,10538.804,242077334.4,209029747.2,200258898
2016-08-19,10865.382,10911.773,10872.707,10819.797,215165104,-6.489,-0.06,10869.529,10681.153,10546.986,251119004.8,214642008,200518209.2
2016-08-22,10869.062,10894.839,10731.4,10731.201,214013056,-141.307,-1.3,10851.388,10707.404,10547.638,236860240,219241872,201545542
2016-08-23,10720.503,10793.365,10750.293,10680.1,189050800,18.893,0.18,10824.857,10725.956,10542.543,222422412.8,219651430.4,201526531.6
2016-08-24,10751.352,10815.256,10760.439,10732.921,183005008,10.146,0.09,10798.807,10750.884,10560.272,211098483.2,219179912,194723687.6
2016-08-25,10694.336,10699.246,10679.147,10564.363,200663088,-81.292,-0.76,10758.797,10779.703,10574.414,200379411.2,221228372.8,193829978
2016-08-26,10703.315,10785.005,10693.75,10675.597,187552256,14.603,0.14,10723.006,10796.268,10592.63,194856841.6,222987923.2,194800240.4
2016-08-29,10690.949,10757.261,10724.399,10682.261,167850176,30.649,0.29,10721.606,10786.497,10619.576,185624265.6,211242252.8,194607161.2
2016-08-30,10732.773,10787.317,10729.115,10713.751,165372528,4.716,0.04,10717.37,10771.113,10643.505,180888611.2,201655512,196463973.6
2016-08-31,10730.547,10776.317,10757.875,10679.649,173134784,28.76,0.27,10716.857,10757.832,10667.336,178914566.4,195006524.8,197619619.2
2016-09-01,10759.755,10765.507,10669.508,10669.508,179543232,-88.367,-0.82,10714.929,10736.863,10682.486,174690595.2,187535003.2,198282375.2
2016-09-02,10666.098,10727.88,10640.422,10592.083,164618272,-29.086,-0.27,10704.264,10713.635,10697.394,170103798.4,182480320,198561164
2016-09-05,10682.714,10756.431,10695.452,10674.957,163252496,55.03,0.52,10698.474,10710.04,10708.722,169184262.4,177404264,198323068
2016-09-06,10714.544,10861.498,10861.498,10623.99,216823936,166.046,1.55,10724.951,10721.161,10723.558,179474544,180181577.6,199916504
2016-09-07,10860.118,10903.637,10838.715,10827.252,232756176,-22.783,-0.21,10741.119,10728.988,10739.936,191398822.4,185156694.4,202168303.2
2016-09-08,10830.047,10863.96,10851.194,10795.868,183177104,12.479,0.12,10777.456,10746.193,10762.948,192125596.8,183408096,202318234.4
2016-09-09,10855.29,10877.088,10762.793,10762.793,195540112,-88.401,-0.81,10801.93,10753.097,10774.682,198309964.8,184206881.6,203597402.4
2016-09-12,10578.782,10619.887,10461.576,10460.514,219043248,-301.217,-2.8,10755.155,10726.815,10756.656,209468115.2,189326188.8,200284220.8
2016-09-13,10519.021,10545.204,10514.583,10460.131,163278432,53.007,0.51,10685.772,10705.362,10738.238,198759014.4,189116779.2,195386145.6
2016-09-14,10466.827,10519.957,10454.244,10425.687,152682912,-60.339,-0.57,10608.878,10674.999,10716.415,182744361.6,187071592,191039058.4
2016-09-19,10476.631,10570.579,10557.248,10476.631,142375088,103.004,0.98,10550.089,10663.773,10700.318,174583958.4,183354777.6,185444890.4
2016-09-20,10563.044,10563.73,10544.525,10520.08,146374592,-12.723,-0.12,10506.435,10654.183,10683.909,164750854.4,181530409.6,182005364.8
2016-09-21,10543.385,10600.685,10583.402,10538.939,144124352,38.877,0.37,10530.8,10642.978,10676.509,149767075.2,179617595.2,178510929.6
2016-09-22,10644.711,10697.393,10662.214,10634.461,171457120,78.812,0.74,10560.327,10623.049,10672.105,151402812.8,175080913.6,177631245.6
2016-09-23,10670.589,10679.815,10609.695,10607.863,165681600,-52.519,-0.49,10591.417,10600.147,10664.568,154002550.4,168373456,176765075.2
2016-09-26,10588.353,10588.51,10392.695,10392.695,179917728,-217,-2.04,10558.506,10554.298,10650.245,161511078.4,168047518.4,175727807.2
2016-09-27,10375.35,10476.969,10476.969,10352.021,148382848,84.274,0.81,10544.995,10525.715,10639.406,161912729.6,163331792,173769336.8
2016-09-28,10490.045,10492.927,10467.16,10436.116,128838328,-9.809,-0.09,10521.747,10526.274,10626.544,158855524.8,154311300,171818744.4
2016-09-29,10477.043,10553.015,10512.248,10477.043,137601792,45.088,0.43,10491.753,10526.04,10615.701,152084459.2,151743636,170430207.6
2016-09-30,10504.293,10590.372,10567.577,10499.47,128139200,55.329,0.53,10483.33,10537.373,10606.186,144575979.2,149289264.8,168180428.4
2016-10-10,10612.208,10741.689,10741.689,10584.696,185281392,174.112,1.65,10553.129,10555.817,10609.795,145648712,153579895.2,168467336.4
2016-10-11,10743.407,10782.308,10782.308,10727.451,194247872,40.619,0.38,10614.196,10579.596,10616.889,154821716.8,158367223.2,169948816.4
2016-10-12,10751.432,10792.115,10788.592,10733.308,182306704,6.284,0.06,10678.483,10600.115,10621.546,165515392,162185458.4,170901526.8
2016-10-13,10784.74,10818.041,10787.488,10757.491,188185776,-1.104,-0.01,10733.531,10612.642,10617.846,175632188.8,163858324,169469618.8
2016-10-14,10774.37,10774.37,10759.681,10692.065,178955424,-27.807,-0.26,10771.952,10627.641,10613.894,185795433.6,165185706.4,166779581.2
2016-10-17,10770.336,10783.668,10651.497,10624.816,191944736,-108.184,-1,10753.913,10653.521,10603.909,187128102.4,166388407.2,167217962.8
2016-10-18,10637.688,10797.022,10797.022,10637.688,191065152,145.525,1.37,10756.856,10685.526,10605.621,186491558.4,170656637.6,166994214.8
2016-10-19,10811.272,10824.406,10757.918,10733.691,201237040,-39.104,-0.36,10750.721,10714.602,10620.438,190277625.6,177896508.8,166103904.4
2016-10-20,10763.462,10802.663,10784.328,10752.915,195500608,26.41,0.24,10750.089,10741.81,10633.925,191740592,183686390.4,167715013.2
2016-10-21,10783.56,10802.536,10748.897,10678.115,200917344,-35.431,-0.33,10747.932,10759.942,10648.658,196132976,190964204.8,170126734.8
2016-10-24,10755.486,10871.163,10842.642,10740.178,210372720,93.745,0.87,10786.161,10770.037,10662.927,199818572.8,193473337.6,173526616.4
2016-10-25,10846.762,10871.657,10871.505,10841.198,206162608,28.863,0.27,10801.058,10778.957,10679.276,202838064,194664811.2,176516017.2
2016-10-26,10871.238,10871.238,10817.51,10793.626,218186112,-53.995,-0.5,10812.976,10781.849,10690.982,206227878.4,198252752,180219105.2
2016-10-27,10805.804,10808.144,10788.97,10745.277,178155808,-28.54,-0.26,10813.905,10781.997,10697.32,202758918.4,197249755.2,180554039.6
2016-10-28,10783.276,10836.773,10711.036,10710.928,192463072,-77.934,-0.72,10806.333,10777.133,10702.387,201068064,198600520,181893113.2
2016-11-02,10771.35,10785.11,10692.65,10686.94,79899016,-103.49,-0.96,10776.334,10781.248,10717.384,174973323.2,187395948,176892177.6
2016-11-03,10662.16,10804.26,10743.96,10655.14,88286656,51.31,0.48,10750.825,10775.942,10730.734,151398132.8,177118098.4,173887368
2016-11-04,10737.91,10784.84,10702.57,10684.47,74385608,-41.39,-0.39,10727.837,10770.407,10742.504,122638032,164432955.2,171164732
2016-11-07,10704.26,10729.99,10695.18,10663.56,86748064,-7.39,-0.07,10709.079,10761.492,10751.651,104356483.2,153557700.8,168622045.6
2016-11-08,10734.07,10785.88,10763.13,10722.35,80350768,67.95,0.64,10719.498,10762.915,10761.429,81934022.4,141501043.2,166232624
2016-11-09,10768.86,10785.09,10697.11,10575.16,104935392,-66.02,-0.61,10720.39,10748.362,10759.2,86941297.6,130957310.4,162215324
2016-11-10,10777.1,10848.98,10821.66,10777.1,100993896,124.55,1.16,10735.93,10743.378,10761.167,89482745.6,120440439.2,157552625.2
2016-11-11,10823.93,10878.14,10878.14,10792.83,126012496,56.48,0.52,10771.044,10749.441,10765.645,99808123.2,111223077.6,154737914.8
2016-11-14,10855.98,10952.61,10907.53,10847.82,132624408,29.39,0.27,10813.514,10761.297,10771.647,108983392,106669937.6,151959846.4
2016-11-15,10910.15,10958.1,10958.1,10877.4,106385712,50.57,0.46,10852.508,10786.003,10781.568,114190380.8,98062201.6,148331360.8
2016-11-16,10970.7,10998.92,10968.08,10956.87,109218192,9.98,0.09,10906.702,10813.546,10797.397,115046940.8,100994119.2,144195033.6
2016-11-17,10942.1,10961.8,10945.42,10887.51,85299432,-22.66,-0.21,10931.454,10833.692,10804.817,111908048,100695396.8,138906747.6
2016-11-18,10946.88,10963.66,10889.11,10876.91,78940112,-56.31,-0.51,10933.648,10852.346,10811.376,102493571.2,101150847.2,132791901.2
2016-11-21,10877.08,10955.44,10899.92,10861.81,82298544,10.81,0.1,10932.126,10872.82,10817.156,92428398.4,100705895.2,127131798
2016-11-22,10910.42,10985.6,10985.6,10910.42,95783784,85.68,0.79,10937.626,10895.067,10828.991,90308012.8,102249196.8,121875120
2016-11-23,11011,11041.52,10973.8,10952,108008928,-11.8,-0.11,10938.77,10922.736,10835.549,90066160,102556550.4,116756930.4
2016-11-24,10960.65,11030.12,10967.47,10947.27,102753136,-6.33,-0.06,10943.18,10937.317,10840.347,93556900.8,102732474.4,111586456.8
2016-11-25,10966.36,11036.53,11036.53,10830.4,102832032,69.06,0.63,10972.664,10953.156,10851.298,98335284.8,100414428,105818752.8
2016-11-28,11078.77,11108.87,11068.87,11045.68,111328216,32.34,0.29,11006.454,10969.29,10865.293,104141219.2,98284808.8,102477373.2
2016-11-29,11039.62,11124.81,11034.7,11026.3,113370336,-34.17,-0.31,11016.274,10976.95,10881.477,107658529.6,98983271.2,98522736.4
2016-11-30,11023.66,11072.06,11012.19,10983.18,97834056,-22.51,-0.2,11023.952,10981.361,10897.454,105623555.2,97844857.6,99419488.4
2016-12-01,11037.11,11090.93,11088.16,11036.61,95405536,75.97,0.69,11048.09,10995.635,10914.664,104154035.2,98855468,99775432.4
2016-12-02,11074.54,11078.29,10912.63,10905.39,101103552,-175.53,-1.58,11023.31,10997.987,10925.167,103808339.2,101071812,101111329.6
2016-12-05,10776.12,10894.08,10784.33,10762.85,91377688,-128.3,-1.18,10966.402,10986.428,10929.624,99818233.6,101979726.4,101342810.8
2016-12-06,10798.8,10833.81,10779.77,10774.36,69833816,-4.56,-0.04,10915.416,10965.845,10930.456,91110929.6,99384729.6,100816963.2
2016-12-07,10780.21,10855.72,10855.72,10751.2,74521760,75.95,0.7,10884.122,10954.037,10938.387,86448470.4,96036012.8,99296281.6
2016-12-08,10865.22,10865.22,10812.3,10804.74,78383208,-43.42,-0.4,10828.95,10938.52,10937.919,83044004.8,93599020,98165747.2
2016-12-09,10802.18,10835.91,10789.62,10766.56,77588544,-22.68,-0.21,10804.348,10913.829,10933.492,78341003.2,91074671.2,95744549.6
2016-12-12,10774.59,10775.57,10302.85,10292.54,115126880,-486.77,-4.51,10708.052,10837.227,10903.259,83090841.6,91454537.6,94869673.2
2016-12-13,10280.44,10364.06,10332.28,10192.13,81812800,29.43,0.29,10618.554,10766.985,10871.968,85486638.4,88298784,93641027.6
2016-12-14,10318.07,10333.66,10232.82,10213.95,79221984,-99.46,-0.96,10493.974,10689.048,10835.205,86426683.2,86437576.8,92141217.2
2016-12-15,10202.24,10331.98,10256.11,10195,75587200,23.29,0.23,10382.736,10605.843,10800.739,85867481.6,84455743.2,91655605.6
2016-12-16,10258.64,10346.53,10334.76,10239.21,67987400,78.65,0.77,10291.764,10548.056,10773.022,83947252.8,81144128,91107970
2016-12-19,10330.61,10330.61,10283.16,10262.69,65563488,-51.6,-0.5,10287.826,10497.939,10742.184,74034574.4,78562708,90271217.2
2016-12-20,10275.44,10276.63,10245.33,10204.02,63582324,-37.83,-0.37,10270.436,10444.495,10705.17,70388479.2,77937558.8,88661144.2
2016-12-21,10266.19,10320.34,10313.57,10266.19,62491032,68.24,0.67,10286.586,10390.28,10672.159,67042288.8,76734486,86385249.4
2016-12-22,10310.72,10323.07,10306.92,10257.32,58660432,-6.65,-0.06,10296.748,10339.742,10639.131,63656935.2,74762208.4,84180614.2
2016-12-23,10304.64,10311.39,10199.86,10196.72,63294100,-107.06,-1.04,10269.768,10280.766,10597.297,62718275.2,73332764,82203717.6
2016-12-26,10163.51,10233.42,10233.42,10062.37,61395728,33.56,0.33,10259.82,10273.823,10555.525,61884723.2,67959648.8,79707093.2
2016-12-27,10229.91,10270.98,10230.57,10221.67,52586172,-2.85,-0.03,10256.868,10263.652,10515.318,59685492.8,65036986,76667885
2016-12-28,10229.01,10246.77,10187.16,10169.8,51950156,-43.41,-0.42,10231.586,10259.086,10474.067,57577317.6,62309803.2,74373690
2016-12-29,10177.02,10222.52,10159.45,10151.28,49348956,-27.71,-0.27,10202.092,10249.42,10427.632,55715022.4,59685978.8,72070861
2016-12-30,10175.5,10204.09,10177.14,10145.11,50435324,17.69,0.17,10197.548,10233.658,10390.857,53143267.2,57930771.2,69537449.6
2017-01-03,10205.14,10275.13,10262.85,10205.14,62193540,85.71,0.84,10203.434,10231.627,10364.783,53302829.6,57593776.4,68078242.2
2017-01-04,10264.43,10384.87,10384.87,10255.75,72296288,122.02,1.19,10234.294,10245.581,10345.038,57244852.8,58465172.8,68201365.8
2017-01-05,10382.6,10396.9,10371.47,10365.44,68094984,-13.4,-0.13,10271.156,10251.371,10320.826,60473818.4,59025568,67880027
2017-01-06,10362.85,10363.12,10289.36,10286.52,61857024,-82.11,-0.79,10297.138,10249.615,10294.679,62975432,59345227.2,67053717.8
2017-01-09,10281.31,10337.7,10331.79,10258.37,61933736,42.43,0.41,10328.068,10262.808,10271.787,65275114.4,59209190.8,66270977.4
2017-01-10,10327.01,10357.14,10306.34,10301.69,64607492,-25.45,-0.25,10336.766,10270.1,10271.962,65757904.8,59530367.2,63745008
2017-01-11,10294.3,10331.37,10215.48,10213.86,61994392,-90.86,-0.88,10302.888,10268.591,10266.122,63697525.6,60471189.2,62754087.6
2017-01-12,10207.43,10236.09,10131.23,10127.42,62418236,-84.25,-0.82,10254.84,10262.998,10261.042,62562176,61517997.2,61913900.2
2017-01-13,10135.68,10155.22,10008.3,9997.4,59788620,-122.93,-1.21,10198.628,10247.883,10248.652,62148495.2,62561963.6,61123971.2
2017-01-16,9993.56,9993.56,9712.8,9482.84,82699384,-295.5,-2.95,10074.83,10201.449,10217.554,66301624.8,65788369.6,61859570.4
2017-01-17,9684.53,9827.91,9826.79,9611.19,57698372,113.99,1.17,9978.92,10157.843,10194.735,64919800.8,65338852.8,61466314.6
2017-01-18,9801.08,9858.79,9804.76,9774.76,46393016,-22.03,-0.22,9896.776,10099.832,10172.707,61799525.6,62748525.6,60606849.2
2017-01-19,9781.64,9821.22,9768.57,9746.3,45484056,-36.19,-0.37,9824.244,10039.542,10145.457,58412689.6,60487432.8,59756500.4
2017-01-20,9763.04,9925.17,9906.14,9762.78,52895984,137.57,1.41,9803.812,10001.22,10125.418,57034162.4,59591328.8,59468278
2017-01-23,9919.41,10010.08,9976.19,9919.41,56818120,70.05,0.71,9856.49,9965.66,10114.234,51857909.6,59079767.2,59144479
2017-01-24,9972.61,9978.27,9941.55,9928.08,51076768,-34.64,-0.35,9879.442,9929.181,10099.641,50533588.8,57726694.8,58628531
2017-01-25,9931.62,9991.5,9977.96,9922.49,43293548,36.41,0.37,9914.082,9905.429,10087.01,49913695.2,55856610.4,58163899.8
2017-01-26,9989.85,10053.36,10052.05,9989.35,45169592,74.09,0.74,9970.778,9897.511,10080.255,49850802.4,54131746,57824871.6
2017-02-02,10058.51,10250.37,10184.94,10058.51,68554.37,132.89,1.32,10026.538,9915.175,10081.529,39285316.47,48159739.44,55360851.52
2017-02-03,10061.29,10066.7,10004.84,9985.3,45144216,-47.21,-0.47,10032.268,9944.379,10072.914,36950535.67,44404222.64,55096296.12
2017-02-06,10004.22,10080.58,10078.73,9984.64,51862156,73.89,0.74,10059.704,9969.573,10063.708,37107613.27,43820601.04,54579726.92
2017-02-07,10072.51,10093.67,10055.57,10011.77,53470568,-23.16,-0.23,10075.226,9994.654,10047.243,39143017.27,44528356.24,53638440.92
2017-02-08,10043.61,10130.12,10130.12,10003.91,57522172,74.55,0.74,10090.84,10030.809,10035.176,41613533.27,45732167.84,53109800.32
2017-02-09,10124.45,10194.42,10182.73,10116.45,68979408,52.61,0.52,10090.398,10058.468,10029.844,55395704,47340510.24,53465919.52
2017-02-10,10184.57,10212.48,10186.38,10155.36,75602008,3.65,0.04,10126.706,10079.487,10022.574,61487262.4,49218899.04,54149333.12
2017-02-13,10188.71,10279.12,10270.83,10187.09,77994984,84.45,0.83,10165.126,10112.415,10020.798,66713828,51910720.64,54818707.72
2017-02-14,10273.09,10286.37,10264.92,10234.37,65103340,-5.91,-0.06,10206.996,10141.111,10023.27,69040382.4,54091699.84,54974155.12
2017-02-15,10259.95,10294.77,10177.25,10160.11,78931512,-87.67,-0.85,10216.422,10153.631,10025.571,73322250.4,57467891.84,55799818.92
2017-02-16,10175.12,10253.96,10253.96,10163.24,69286128,76.71,0.75,10230.668,10160.533,10037.854,73383594.4,64389649.2,56274694.32
2017-02-17,10261.09,10296.14,10197.92,10183.37,74935560,-56.04,-0.55,10232.976,10179.841,10062.11,73250304.8,67368783.6,55886503.12
2017-02-20,10203.02,10334.59,10329,10203.02,76302968,131.08,1.28,10244.61,10204.868,10087.221,72911901.6,69812864.8,56816732.92
2017-02-21,10338.87,10407.14,10405.75,10330.28,81971416,76.75,0.74,10272.776,10239.886,10117.27,76285516.8,72662949.6,58595652.92
2017-02-22,10403.92,10444.38,10444.38,10385.1,80970640,38.63,0.37,10326.202,10271.312,10151.06,76693342.4,75007796.4,60369982.12
2017-02-23,10439.83,10454.16,10432.64,10379.05,86652016,-11.74,-0.11,10361.938,10296.303,10177.385,80166520,76775057.2,62057783.72
2017-02-24,10423.64,10446.5,10443.73,10396.75,76567544,11.09,0.11,10411.1,10322.038,10200.763,80492916.8,76871610.8,63045254.92
2017-02-27,10443.3,10447.68,10353.55,10345.47,74077832,-90.18,-0.86,10416.01,10330.31,10221.363,80047889.6,76479895.6,64195308.12
2017-02-28,10354.87,10402.27,10391.34,10340.09,64357288,37.79,0.36,10413.128,10342.952,10242.032,76525064,76405290.4,65248495.12
2017-03-01,10387.63,10446.38,10418.62,10378.12,75071440,27.28,0.26,10407.976,10367.089,10260.36,75345224,76019283.2,66743587.52
2017-03-02,10429.98,10443.87,10367.31,10362,72215632,-51.31,-0.49,10394.91,10378.424,10269.479,72457947.2,76312233.6,70350941.4
2017-03-03,10339.89,10404.87,10397.05,10308.22,69825712,29.74,0.29,10385.574,10398.337,10289.089,71109580.8,75801248.8,71585016.2
2017-03-06,10406.23,10522.28,10522.28,10406.23,78250216,125.23,1.2,10419.32,10417.665,10311.267,71944057.6,75995973.6,72904419.2
2017-03-07,10527.83,10552.14,10552.14,10495.5,75639968,29.86,0.28,10451.48,10432.304,10336.095,74200593.6,75362828.8,74012889.2
2017-03-08,10549.99,10549.99,10498.31,10473.88,63771816,-53.83,-0.51,10467.418,10437.697,10354.505,71940668.8,73642946.4,74325371.4
2017-03-09,10484.28,10484.68,10421.06,10402.36,67406824,-77.25,-0.74,10478.168,10436.539,10366.421,70978907.2,71718427.2,74246742.2
2017-03-10,10415.38,10476.59,10451.01,10415.38,61538236,29.95,0.29,10488.96,10437.267,10379.653,69321412,70215496.4,73543553.6
2017-03-13,10450.65,10559.88,10559.88,10402.72,76422168,108.87,1.04,10496.48,10457.9,10394.105,68955802.4,70449930,73464912.8
2017-03-14,10561.5,10577.48,10531.73,10515.52,72039832,-28.15,-0.27,10492.398,10471.939,10407.446,68235775.2,71218184.4,73811737.4
2017-03-15,10515.59,10551.71,10543.01,10499.85,69601896,11.28,0.11,10501.338,10484.378,10425.733,69401791.2,70671230,73345256.6
2017-03-16,10573.77,10628.18,10624.42,10573.77,85855856,81.41,0.77,10542.01,10510.089,10444.257,73091597.6,72035252.4,74173743
2017-03-17,10632.05,10650.46,10515.41,10514.67,87884184,-109.01,-1.03,10554.89,10521.925,10460.131,78360787.2,73841099.6,74821174.2
2017-03-20,10512.89,10534.11,10532.33,10459.74,69838832,16.92,0.16,10549.38,10522.93,10470.298,77044120,72999961.2,74497967.4
2017-03-21,10527.41,10586.62,10586.62,10513.63,66733380,54.29,0.52,10560.358,10526.378,10479.341,75982829.6,72109302.4,73736065.6
2017-03-22,10535.67,10586.48,10553.53,10488.63,78849480,-33.09,-0.31,10562.462,10531.9,10484.798,77832346.4,73617068.8,73630007.6
2017-03-23,10558.34,10607.73,10583.04,10477.57,76551128,29.51,0.28,10554.186,10548.098,10492.318,75971400.8,74531499.2,73124963.2
2017-03-24,10584.09,10666.12,10646.72,10580.11,83432016,63.68,0.6,10580.448,10567.669,10502.468,75080967.2,76720877.2,73468186.8
2017-03-27,10643.45,10660.23,10581.92,10578.75,74675304,-64.8,-0.61,10590.366,10569.873,10513.886,76048261.6,76546190.8,73498060.4
2017-03-28,10580.16,10606.09,10563.29,10538.02,65425796,-18.63,-0.18,10585.7,10573.029,10522.484,75786744.8,75884787.2,73551485.8
2017-03-29,10573.12,10585.88,10520.82,10497.01,78106272,-42.47,-0.4,10579.158,10570.81,10527.594,75638103.2,76735224.8,73703227.4
2017-03-30,10505.39,10513.89,10348.27,10328.95,85024192,-172.55,-1.64,10532.204,10543.195,10526.642,77332716,76652058.4,74343655.4
2017-03-31,10351.33,10428.72,10428.72,10351.33,63683452,80.45,0.78,10488.604,10534.526,10528.226,73383003.2,74231985.2,74036542.4
2017-04-05,10496.78,10628.6,10627.13,10496.78,95915160,198.41,1.9,10497.646,10544.006,10533.468,77630974.4,76839618,74919789.6
2017-04-06,10649.84,10661.77,10656.17,10608.13,88324056,29.04,0.27,10516.222,10550.961,10538.67,82210626.4,78998685.6,75553994
2017-04-07,10652.4,10702.88,10669.48,10635.08,104487632,13.31,0.12,10545.954,10562.556,10547.228,87486898.4,81562500.8,77589784.8
2017-04-10,10663.86,10664.1,10603.28,10593.76,123193040,-66.2,-0.62,10596.956,10564.58,10556.339,95120668,86226692,80379095.6
2017-04-11,10601,10662.5,10655.79,10476.66,137013712,52.51,0.49,10642.37,10565.487,10566.578,109786720,91584861.6,84152869.4
2017-04-12,10643.48,10667.6,10587.31,10584.69,139194752,-68.48,-0.64,10634.406,10566.026,10567.95,118442638.4,98036806.4,87291498.6
2017-04-13,10578.58,10678.78,10654.09,10571.7,109450208,66.78,0.63,10633.99,10575.106,10574.068,122667868.8,102439247.6,89162017.4
2017-04-14,10662.26,10662.53,10519.86,10515.37,111514832,-134.23,-1.26,10604.066,10575.01,10572.91,124073308.8,105780103.6,91257664.2
2017-04-17,10483.96,10505.63,10450.86,10406.52,88624032,-69,-0.66,10573.582,10585.269,10564.232,117159507.2,106140087.6,91396073
2017-04-18,10449.01,10522.85,10411.44,10405.35,87247872,-39.42,-0.38,10524.712,10583.541,10559.034,107206339.2,108496529.6,91364257.4
2017-04-19,10377.28,10393.73,10348.41,10235,92453376,-63.03,-0.6,10476.932,10555.669,10549.838,97858064,108150351.2,92494984.6
2017-04-20,10346.99,10411.75,10359.09,10306.39,84554472,10.68,0.1,10417.932,10525.961,10538.461,92878916.8,107773392.8,93386039.2
2017-04-21,10357.86,10407.77,10314.35,10300.4,71025872,-44.74,-0.43,10376.83,10490.448,10526.502,84781124.8,104427216.8,92994858.8
2017-04-24,10285.04,10285.04,10091.89,10060.11,76093672,-222.46,-2.16,10305.036,10439.309,10501.945,82275052.8,99717280,92971986
2017-04-25,10106.9,10213.49,10165.22,10104.55,74705024,73.33,0.73,10255.792,10390.252,10477.87,79766483.2,93486411.2,92535636.4
2017-04-26,10162.72,10251.7,10204.84,10161.42,84434424,39.62,0.39,10227.078,10352.005,10459.016,78162692.8,88010378.4,93023592.4
2017-04-27,10174.25,10244.08,10229.19,10015.89,96323584,24.35,0.24,10201.098,10309.515,10442.311,80516515.2,86697716,94568481.8
2017-04-28,10208.13,10235.23,10234.65,10176.08,80970232,5.46,0.05,10185.158,10280.994,10428.002,82505387.2,83643256,94711679.8
2017-05-02,10205.66,10228.7,10223.97,10166.39,77331648,-10.68,-0.1,10211.574,10258.305,10421.787,82752982.4,82514017.6,94327052.6
2017-05-03,10208.6,10244.35,10184.14,10146.26,76050368,-39.83,-0.39,10215.358,10235.575,10409.558,83022051.2,81394267.2,94945398.4
2017-05-04,10164.81,10241.55,10147.44,10116.01,79752416,-36.7,-0.36,10203.878,10215.478,10385.574,82085649.6,80124171.2,94137261.2
2017-05-05,10119.54,10132.92,10024.44,10024.44,77517816,-123,-1.21,10162.928,10182.013,10353.987,78324496,79420505.6,93596949.2
2017-05-08,10000.95,10018.57,9833.17,9833.17,82317776,-191.27,-1.91,10082.632,10133.895,10312.171,78594004.8,80549696,92488456.4
2017-05-09,9794.81,9887.15,9885.34,9736.14,64477676,52.17,0.53,10014.906,10113.24,10276.275,76023210.4,79388096.4,89552688.2
2017-05-10,9875.74,9945.61,9756.81,9756.81,74787352,-128.53,-1.3,9929.44,10072.399,10231.325,75770607.2,79396329.2,86441370.2
2017-05-11,9704.88,9776.51,9776.45,9566.42,82157984,19.64,0.2,9855.242,10029.56,10190.783,76251720.8,79168685.2,83589531.8
2017-05-12,9755.87,9794.99,9787.99,9703.1,63994844,11.54,0.12,9807.952,9985.44,10147.477,73547126.4,75935811.2,81316763.6
2017-05-15,9812.38,9866.07,9845.6,9812.38,61701820,57.61,0.59,9810.438,9946.535,10113.765,69423935.2,74008970,78826113
2017-05-16,9819.71,10046.66,10046.66,9761.35,90068840,201.06,2.04,9842.702,9928.804,10093.555,74542168,75282689.2,78898353.4
2017-05-17,10030.36,10091.47,10030.11,10019.36,91078864,-16.55,-0.17,9897.362,9913.401,10074.488,77800470.4,76785538.8,79089903
2017-05-18,9955.86,10045.68,9974.35,9936.31,70491248,-55.76,-0.56,9936.942,9896.092,10055.785,75467123.2,75859422,77991796.6
2017-05-19,9978.5,10005.71,9970.96,9922.76,63965388,-3.39,-0.03,9973.536,9890.744,10036.378,75461232,74504179.2,76962342.4
2017-05-22,9958.29,10014.94,9899.65,9864.95,72262272,-71.31,-0.71,9984.346,9897.392,10015.644,77573322.4,73498628.8,77024162.4
2017-05-23,9878.38,9914.5,9763.78,9761.31,80497440,-135.87,-1.37,9927.77,9885.236,9999.238,75659042.4,75100605.2,77244350.8
2017-05-24,9722.04,9812.46,9812.46,9609.41,65975864,48.68,0.5,9884.24,9890.801,9981.6,70638442.4,74219456.4,76807892.8
2017-05-25,9792.1,9917.81,9893.78,9727.51,83013016,81.32,0.83,9868.126,9902.534,9966.047,73142796,74304959.6,76736822.4
2017-05-26,9871.68,9913.48,9859.23,9838.7,72247688,-34.55,-0.35,9845.78,9909.658,9947.549,74799256,75130244,75533027.6
2017-05-30,9859.3,9860.82,9855.83,9854.5,163774.8,-3.4,-0.03,9837.016,9910.681,9928.608,60379556.56,68976439.48,71492704.74
2017-05-31,9944.12,9976.65,9864.84,9855.3,74669768,5.61,0.06,9857.228,9892.499,9910.652,59214022.16,67436532.28,71359610.74
2017-06-01,9833.82,9854.55,9730.33,9730.06,155204544,-134.51,-1.36,9840.802,9862.521,9887.961,77059758.16,73849100.28,75317319.54
2017-06-02,9708.72,9811.58,9794.89,9637.54,148352064,64.56,0.66,9821.024,9844.575,9870.333,90127567.76,81635181.88,78747301.94
2017-06-05,9799.81,9866.34,9842.6,9799.65,134634240,47.71,0.49,9817.698,9831.739,9861.242,102604878.16,88702067.08,81603123.14
2017-06-06,9834.54,9915.92,9915.92,9821.13,128153120,73.32,0.74,9829.716,9833.366,9865.379,128202747.2,94291151.88,83894890.34
2017-06-07,9915.18,10117.06,10109.88,9910.53,195081968,193.96,1.96,9878.724,9867.976,9876.606,152285187.2,105749604.68,90425104.94
2017-06-08,10104.59,10162.48,10148.72,10097.66,181596464,38.84,0.38,9962.402,9901.602,9896.202,157563571.2,117311664.68,95765560.54
2017-06-09,10147.02,10182.61,10177.45,10124.94,163669952,28.73,0.28,10038.914,9929.969,9916.251,160627148.8,125377358.28,99841158.94
2017-06-12,10144.12,10197.1,10119.99,10108.98,157412976,-57.46,-0.56,10094.392,9956.045,9932.851,165182896,133893887.08,104512065.54
2017-06-13,10104.71,10237.4,10224.82,10102.5,154654992,104.83,1.04,10156.172,9992.944,9951.812,170483270.4,149343008.8,109159724.14
2017-06-14,10208.84,10226.15,10151.53,10138.82,161572512,-73.29,-0.72,10164.502,10021.613,9957.056,163781379.2,158033283.2,112734907.74
2017-06-15,10140.08,10225.05,10221.69,10134.41,178519200,70.16,0.69,10179.096,10070.749,9966.635,163165926.4,160364748.8,117106924.54
2017-06-16,10212.98,10233.8,10191.24,10176.86,157560160,-30.45,-0.3,10181.854,10110.384,9977.48,161943968,161285558.4,121460370.14
2017-06-19,10191.98,10262.8,10262.8,10191.87,147909472,71.56,0.7,10210.416,10152.404,9992.072,160043267.2,162613081.6,125657574.34
2017-06-20,10281.57,10323,10288.53,10273.06,173672944,25.73,0.25,10223.158,10189.665,10011.515,163846857.6,167165064,130728107.94
2017-06-21,10327.13,10367.17,10367.17,10269.32,165176336,78.64,0.76,10266.286,10215.394,10041.685,164567622.4,164174500.8,134962052.74
2017-06-22,10361.34,10418.61,10265.2,10265.2,189652240,-101.97,-0.98,10274.988,10227.042,10064.322,166794230.4,164980078.4,141145871.54
2017-06-23,10249.79,10366.78,10366.78,10196.39,170980624,101.58,0.99,10310.096,10245.975,10087.972,169478323.2,165711145.6,145544251.94
2017-06-26,10377.22,10537.59,10537.59,10377.22,177259312,170.81,1.65,10365.054,10287.735,10121.89,175348291.2,167695779.2,150794833.14
2017-06-27,10532.57,10548.8,10535.36,10479.35,160497024,-2.23,-0.02,10414.42,10318.789,10155.867,172713107.2,168279982.4,158811495.6
2017-06-28,10507.05,10517.94,10451.57,10436.08,153786208,-83.79,-0.8,10431.3,10348.793,10185.203,170435081.6,167501352,162767317.6
2017-06-29,10460.38,10523.52,10511.86,10459.94,149470640,60.29,0.58,10480.632,10377.81,10224.28,162398761.6,164596496,162480622.4
2017-06-30,10475.22,10537.5,10529.61,10454.88,144071840,17.75,0.17,10513.198,10411.647,10261.016,157017004.8,163247664,162266611.2
2017-07-03,10531.73,10541.86,10535.05,10464.68,156423472,5.44,0.05,10512.69,10438.872,10295.638,152849836.8,164099064,163356072.8
2017-07-04,10527.77,10527.77,10474.83,10437.4,160742640,-60.22,-0.57,10500.584,10457.502,10323.584,152898960,162806033.6,164985548.8
2017-07-05,10443.03,10561.09,10561.09,10434.68,169332080,86.26,0.82,10522.488,10476.894,10346.144,156008134.4,163221608,163698054.4
2017-07-06,10547.51,10574.11,10562.06,10467.91,201012928,0.97,0.01,10532.528,10506.58,10366.811,166316592,164357676.8,164668877.6
2017-07-07,10526.78,10564.31,10563.72,10504.1,194723552,1.66,0.02,10539.35,10526.274,10386.125,176446934.4,166731969.6,166221557.6
2017-07-10,10542.55,10574.21,10505.6,10497.39,212700240,-58.12,-0.55,10533.46,10523.075,10405.405,187702288,170276062.4,168985920.8
2017-07-11,10488.89,10568.37,10467.71,10467.13,187942448,-37.89,-0.36,10532.036,10516.31,10417.55,193142249.6,173020604.8,170650293.6
2017-07-12,10465.87,10494.25,10453.19,10360.1,188731008,-14.52,-0.14,10510.456,10516.472,10432.633,197022035.2,176515084.8,172008218.4
2017-07-13,10444.78,10491.39,10466.1,10431.5,172243648,12.91,0.12,10491.264,10511.896,10444.853,191268179.2,178792385.6,171694440.8
2017-07-14,10445.57,10452.94,10427.79,10382.37,160920960,-38.31,-0.37,10464.078,10501.714,10456.68,184507660.8,180477297.6,171862480.8
2017-07-17,10383.22,10384.05,10055.8,10006.38,244580368,-371.99,-3.57,10374.118,10453.789,10446.331,190883686.4,189292987.2,176696025.6
2017-07-18,10012.91,10103.76,10103.76,9960.56,176032352,47.96,0.48,10301.328,10416.682,10437.092,188501667.2,190821958.4,176813996
2017-07-19,10079.68,10296.29,10295.57,10064.31,214222048,191.81,1.9,10269.804,10390.13,10433.512,193599875.2,195310955.2,179266281.6
2017-07-20,10288.89,10392.06,10366.98,10282.28,204421584,71.41,0.69,10249.98,10370.622,10438.601,200035462.4,195651820.8,180004748.8
2017-07-21,10354.54,10406.25,10364.82,10342.72,178586160,-2.16,-0.02,10237.386,10350.732,10438.503,203568502.4,194038081.6,180385025.6
2017-07-24,10352.85,10414.07,10404.22,10341.24,197173776,39.4,0.38,10307.07,10340.594,10431.834,194087184,192485435.2,181380748.8
2017-07-25,10398.25,10421.21,10353.21,10317.92,179706464,-51.01,-0.49,10356.96,10329.144,10422.727,194822006.4,191661836.8,182341220.8
2017-07-26,10365.61,10380.7,10297.34,10247.54,193380944,-55.87,-0.54,10357.314,10313.559,10415.015,190653785.6,192126830.4,184320957.6
2017-07-27,10284.92,10416.55,10395.19,10216.02,250613392,97.85,0.95,10362.956,10306.468,10409.182,199892147.2,199963804.8,189378095.2
2017-07-28,10381.31,10456.41,10437.94,10371.39,206511232,42.75,0.41,10377.58,10307.483,10404.598,205477161.6,204522832,192500064.8
2017-07-31,10438.23,10517.33,10505.04,10418.83,236531808,67.1,0.64,10397.744,10352.407,10403.098,213348768,203717976,196505481.6
2017-08-01,10496.71,10529.9,10525.35,10472.71,232970560,20.31,0.19,10432.172,10394.566,10405.624,224001587.2,209411796.8,200116877.6
2017-08-02,10526,10557.47,10469.34,10461.95,248436832,-56.01,-0.53,10466.572,10411.943,10401.037,235012764.8,212833275.2,204072115.2
2017-08-03,10454.01,10507.23,10436.17,10403.59,225187408,-33.17,-0.32,10474.768,10418.862,10394.742,229927568,214909857.6,205280839.2
2017-08-04,10426.53,10450.69,10361.23,10360.83,237518208,-74.94,-0.72,10459.426,10418.503,10384.618,236128963.2,220803062.4,207420572
2017-08-07,10353.15,10451.08,10451.08,10347.5,193367328,89.85,0.87,10448.634,10423.189,10381.892,227496067.2,220422417.6,206453926.4
2017-08-08,10448.87,10516.61,10496.25,10437.85,229013344,45.17,0.43,10442.814,10437.493,10383.319,226704624,225353105.6,208507471.2
2017-08-09,10487.77,10548.06,10544.59,10455.27,213354592,48.34,0.46,10457.864,10462.218,10387.889,219688176,227350470.4,209738650.4
2017-08-10,10525.15,10582.16,10480.64,10417.09,218979904,-63.95,-0.61,10466.758,10470.763,10388.616,218446675.2,224187121.6,212075463.2
2017-08-11,10407.33,10459.91,10291.35,10281.63,223525984,-189.29,-1.81,10452.782,10456.104,10381.794,215648230.4,225888596.8,215205714.4
2017-08-14,10308.97,10519.8,10519.8,10308.97,202632800,228.45,2.22,10466.526,10457.58,10404.994,217501324.8,222498696,213108336
2017-08-15,10527.54,10559.78,10559.78,10502.52,190194912,39.98,0.38,10479.232,10461.023,10427.795,209737638.4,218221131.2,213816464
2017-08-16,10550.42,10625.34,10600.78,10504.07,217126112,41,0.39,10490.47,10474.167,10443.055,210491942.4,215090059.2,213961667.2
2017-08-17,10601.65,10658.16,10653.73,10583.4,223714448,52.95,0.5,10525.088,10495.923,10457.393,211438851.2,214942763.2,214926310.4
2017-08-18,10586.35,10636.15,10614.08,10563.26,198016864,-39.65,-0.37,10589.634,10521.208,10469.856,206337027.2,210992628.8,215897845.6
2017-08-21,10624.81,10689.77,10689.77,10624.81,186784560,75.69,0.71,10623.628,10545.077,10484.133,203167379.2,210334352,215378384.8
2017-08-22,10689.65,10699.05,10653.98,10631.25,191559888,-35.79,-0.34,10642.468,10560.85,10499.172,203440374.4,206589006.4,215971056
2017-08-23,10642.22,10662.83,10619.34,10583.18,170980416,-34.64,-0.33,10646.18,10568.325,10515.272,194211235.2,202351588.8,214851029.6
2017-08-24,10617.74,10627.34,10552.96,10537.78,162184464,-66.38,-0.62,10626.026,10575.557,10523.16,181905238.4,196672044.8,210429583.2
2017-08-25,10556.54,10671.71,10659.01,10556.54,174530320,106.05,1,10635.012,10612.323,10534.214,177207929.6,191772478.4,208830537.6
2017-08-28,10678.35,10866.36,10809.74,10678.35,233005696,150.73,1.41,10659.006,10641.317,10549.449,186452156.8,194809768,208654232
2017-08-29,10796.54,10818.22,10762.37,10742.13,209014704,-47.37,-0.44,10680.684,10661.576,10561.3,189943120,196691747.2,207456439.2
2017-08-30,10762.24,10825.89,10813.93,10762.24,205631840,51.56,0.48,10719.602,10682.891,10578.529,196873404.8,195542320,205316189.6
2017-08-31,10823.31,10837.39,10816.64,10759.79,193759152,2.71,0.03,10772.338,10699.182,10597.553,203188342.4,192546790.4,203744776.8
2017-09-01,10822.49,10880.56,10880.56,10807.77,236753568,63.92,0.59,10816.648,10725.83,10623.519,215632992,196420460.8,203706544.8
2017-09-04,10882.13,10969.57,10962.85,10859.36,253945568,82.29,0.76,10847.27,10753.138,10649.108,219820966.4,203136561.6,206735456.8
2017-09-05,10958.2,10995.53,10986.95,10928.86,226193456,24.1,0.22,10892.186,10786.435,10673.643,223256716.8,206599918.4,206594462.4
2017-09-06,10959.31,11036.89,11024.59,10939.26,236870144,37.64,0.34,10934.318,10826.96,10697.642,229504377.6,213188891.2,207770240
2017-09-07,11030.6,11059.47,10969.13,10966.54,251504928,-55.46,-0.5,10964.816,10868.577,10722.067,241053532.8,222120937.6,209396491.2
2017-09-08,10961.7,11011.11,10970.77,10911.82,219333792,1.64,0.01,10982.858,10899.753,10756.038,237569577.6,226601284.8,209186881.6
2017-09-11,10979.72,11053.73,11053.73,10963.62,228236928,82.96,0.76,11001.034,10924.152,10782.734,232427849.6,226124408,210467088
2017-09-12,11063.85,11131.95,11043.61,11019.87,297519744,-10.12,-0.09,11012.366,10952.276,10806.926,246693107.2,234974912,215833329.6
2017-09-13,11040.1,11091.49,11091.49,11015.74,217492352,47.88,0.43,11025.746,10980.032,10831.462,242817548.8,236160963.2,215851641.6
2017-09-14,11091.98,11124.54,11070.49,11033.82,237594688,-21,-0.19,11046.018,11005.417,10852.299,240035500.8,240544516.8,216545653.6
2017-09-15,11058.1,11105.02,11063.1,11022.25,227737872,-7.39,-0.07,11064.484,11023.671,10874.75,241716316.8,239642947.2,218031704
2017-09-18,11062.43,11154.75,11153.53,11062.43,206122112,90.43,0.82,11084.444,11042.739,10897.939,237293353.6,234860601.6,218998581.6
2017-09-19,11160.42,11181.18,11083.9,11055.24,213063888,-69.63,-0.62,11092.502,11052.434,10919.434,220402182.4,233547644.8,220073781.6
2017-09-20,11083.85,11191.13,11191.13,11083.21,220593856,107.23,0.97,11112.43,11069.088,10948.024,221022483.2,231920016,222554453.6
2017-09-21,11187.88,11199.19,11098.34,11098.34,221588624,-92.79,-0.83,11118,11082.009,10975.293,217821270.4,228928385.6,225524661.6
2017-09-22,11067.11,11085.43,11069.82,11025.89,194211968,-28.52,-0.26,11119.344,11091.914,10995.833,211116089.6,226416203.2,226508744
2017-09-25,11054.26,11056.66,10930.67,10911.03,183699680,-139.15,-1.26,11074.772,11079.608,11001.88,206631603.2,221962478.4,224043443.2
2017-09-26,10915.66,10951.14,10950.77,10890.92,167782384,20.1,0.18,11048.146,11070.324,11011.3,197575302.4,208988742.4,221981827.2
2017-09-27,10951.96,11063.13,11036.78,10951.89,170431984,86.01,0.79,11017.276,11064.853,11022.443,187542928,204282705.6,220221834.4
2017-09-28,11029.47,11072.56,11031.42,11015.48,182851296,-5.36,-0.05,11003.892,11060.946,11033.182,179795462.4,198808366.4,219676441.6
2017-09-29,11042.72,11121.44,11087.19,11042.72,181068368,55.77,0.51,11007.366,11063.355,11043.513,177166742.4,194141416,216892181.6
2017-10-09,11248.35,11305.46,11264.27,11214.9,216678336,177.08,1.6,11074.086,11074.429,11058.584,183762473.6,195197038.4,215028820
2017-10-10,11260.77,11329.51,11329.51,11229.02,214431760,65.24,0.58,11149.834,11098.99,11075.712,193092348.8,195333825.6,214440735.2
2017-10-11,11319.46,11344.59,11312.5,11285.92,229886304,-17.01,-0.15,11204.978,11111.127,11090.107,204983212.8,196263070.4,214091543.2
2017-10-12,11309.36,11337.12,11307.32,11240.66,198752464,-5.18,-0.05,11260.158,11132.025,11107.017,208163446.4,193979454.4,211453920
2017-10-13,11312.27,11400.05,11399.09,11308.04,195039504,91.77,0.81,11322.538,11164.952,11128.433,210957673.6,194062208,210239205.6
2017-10-16,11401.87,11422.93,11271.2,11267.27,236289536,-127.89,-1.12,11323.924,11199.005,11139.307,214879913.6,199321193.6,210641836
2017-10-17,11254.41,11318,11275.34,11214.82,157441904,4.14,0.04,11313.09,11231.462,11150.893,203481942.4,198287145.6,203637944
2017-10-18,11277.54,11323.26,11282.75,11240.63,178797216,7.41,0.07,11307.14,11256.059,11160.456,193264124.8,199123668.8,201703187.2
2017-10-19,11275.31,11290.72,11189.55,11179.19,182603712,-93.2,-0.83,11283.586,11271.872,11166.409,190034374.4,199098910.4,198953638.4
2017-10-20,11154.93,11238.88,11238.88,11140.34,144399776,49.33,0.44,11251.544,11287.041,11175.198,179906428.8,195432051.2,194786733.6
2017-10-23,11239.69,11306.31,11306.31,11228.68,154500816,67.43,0.6,11258.566,11291.245,11182.837,163548684.8,189214299.2,192205668.8
2017-10-24,11289.02,11339.13,11339.13,11260.68,156281936,32.82,0.29,11271.324,11292.207,11195.599,163316691.2,183399316.8,189366571.2
2017-10-25,11330.75,11437.21,11437.21,11324.17,160022016,98.08,0.86,11302.216,11304.678,11207.903,159561651.2,176412888,186337979.2
2017-10-26,11430,11509.02,11461.28,11413.93,183886112,24.07,0.21,11356.562,11320.074,11226.05,159818131.2,174926252.8,184452853.6
2017-10-27,11456.57,11484.91,11444.52,11415.37,176979296,-16.76,-0.15,11397.69,11324.617,11244.785,166334035.2,173120232,183591220
2017-10-30,11446.79,11472.28,11312.61,11192.18,223352112,-131.91,-1.15,11398.95,11328.758,11263.882,180104294.4,171826489.6,185573841.6
2017-10-31,11293.34,11368.19,11367.62,11274.17,155987088,55.01,0.49,11404.648,11337.986,11284.724,180045324.8,171681008,184984076.8
2017-11-01,11370.52,11424.48,11350.32,11341.07,162985104,-17.3,-0.15,11387.27,11344.743,11300.401,180637942.4,170099796.8,184611732.8
2017-11-02,11336.48,11337.01,11292.42,11251.81,181190240,-57.9,-0.51,11353.498,11355.03,11313.451,180098768,169958449.6,184528680
2017-11-03,11287.55,11334.68,11215.19,11165.06,179760272,-77.23,-0.68,11307.632,11352.661,11319.851,180654963.2,173494499.2,184463275.2
2017-11-06,11218.04,11373.74,11373.74,11181.29,178683584,158.55,1.41,11319.858,11359.404,11325.325,171721257.6,175912776,182563537.6
2017-11-07,11374.09,11467.97,11467.97,11370.99,193616576,94.23,0.83,11339.928,11372.288,11332.248,179247155.2,179646240,181522778.4
2017-11-08,11460.15,11563.82,11447.4,11441.8,210038864,-20.57,-0.18,11359.344,11373.307,11338.993,188657907.2,184647924.8,180530406.4
2017-11-09,11443.54,11553.24,11553.24,11414.2,186042368,105.84,0.93,11411.508,11382.503,11351.288,189628332.8,184863550.4,179894901.6
2017-11-10,11540.55,11659.65,11645.05,11531.59,204295232,91.81,0.8,11497.48,11402.556,11363.587,194535324.8,187595144,180357688
2017-11-13,11657.63,11714.98,11695,11631.19,212922512,49.95,0.43,11561.732,11440.795,11384.777,201383110.4,186552184,179189336.8
2017-11-14,11689.94,11700.73,11582.92,11538.34,218041040,-112.08,-0.96,11584.722,11462.325,11400.155,206268003.2,192757579.2,182219293.6
2017-11-15,11548,11583.97,11462.11,11390.3,179370224,-120.81,-1.04,11587.664,11473.504,11409.124,200134275.2,194396091.2,182247944
2017-11-16,11442.85,11549.08,11537.96,11415.75,180035280,75.85,0.66,11584.608,11498.058,11426.544,198932857.6,194280595.2,182119522.4
2017-11-17,11519.92,11555.87,11292.93,11292.93,236670400,-245.03,-2.12,11514.184,11505.832,11429.247,205407891.2,199971608,186733053.6
2017-11-20,11229.58,11437.55,11437.55,11087.53,183784976,144.62,1.28,11462.694,11512.213,11435.809,199580384,200481747.2,188197261.6
2017-11-21,11419.09,11602.1,11602.1,11407.4,201203936,164.55,1.44,11466.53,11525.626,11448.957,196212963.2,201240483.2,190443361.6
2017-11-22,11598.04,11666.13,11560.8,11454.26,196786368,-41.3,-0.36,11486.268,11536.966,11455.136,199696192,199915233.6,192281579.2
2017-11-23,11520.04,11520.04,11175.47,11162.53,196371024,-385.33,-3.33,11413.77,11499.189,11440.846,202963340.8,200948099.2,192905824.8
2017-11-24,11135.07,11225.2,11168.39,11058.99,159697136,-7.08,-0.06,11388.862,11451.523,11427.039,187568688,196488289.6,192041716.8
2017-11-27,11126.78,11126.78,10954.18,10936.14,164559024,-214.21,-1.92,11292.188,11377.441,11409.118,183723497.6,191651940.8,189102062.4
2017-11-28,10938.4,11091.14,11091.14,10936.4,146029312,136.96,1.25,11189.996,11328.263,11395.294,172688572.8,184450768,188604173.6
2017-11-29,11095.91,11108.45,11082.13,10936.99,173222704,-9.01,-0.08,11094.262,11290.265,11381.884,167975840,183836016,189116053.6
2017-11-30,11036.75,11079.93,10944.1,10908.7,150778320,-138.03,-1.25,11047.988,11230.879,11364.468,158857299.2,180910320,187595457.6
2017-12-01,10941.87,11077.43,11013.15,10926.77,148449120,69.05,0.63,11016.94,11202.901,11354.367,156607696,172088192,186029900
2017-12-04,11007.19,11099.83,11014.55,10993.51,157333824,1.4,0.01,11029.014,11160.601,11336.407,155162656,169443076.8,184962412
2017-12-05,10988.07,11044.18,10854.76,10801.4,177587760,-159.79,-1.45,10981.738,11085.867,11305.746,161474345.6,167081459.2,184160971.2
2017-12-06,10838.04,10911.33,10911.33,10716.29,158824720,56.57,0.52,10947.578,11020.92,11278.943,158594748.8,163285294.4,181600264
2017-12-07,10886.26,10925.2,10801.25,10795.84,135430816,-110.08,-1.01,10919.008,10983.498,11241.343,155525248,157191273.6,179069686.4
2017-12-08,10789.17,10964.79,10935.06,10789.17,146228432,133.81,1.24,10903.39,10960.165,11205.844,155081110.4,155844403.2,176166346.4
2017-12-11,10962.18,11143.26,11143.26,10962.18,158546560,208.2,1.9,10929.132,10979.073,11178.257,155323657.6,155243156.8,173447548.8
2017-12-12,11145.75,11176.58,11043.21,11043.21,150996416,-100.05,-0.9,10966.822,10974.28,11151.271,150005388.8,155739867.2,170095317.6
2017-12-13,11030.02,11143.89,11143.89,11019.59,133789344,100.68,0.91,11013.334,10980.456,11135.36,144998313.6,151796531.2,167816273.6
2017-12-14,11138.46,11165.61,11110.18,11070.98,145975600,-33.71,-0.3,11075.12,10997.064,11113.972,147107270.4,151316259.2,166113289.6
2017-12-15,11092.15,11104.82,10998.12,10970.73,157212224,-112.06,-1.01,11087.732,10995.561,11099.231,149304028.8,152192569.6,162140380.8
2017-12-18,10991.11,11046.1,10960.12,10916.19,133860384,-38,-0.35,11051.104,10990.118,11075.36,144366793.6,149845225.6,159644151.2
2017-12-19,10964.14,11077.18,11074.99,10963.79,130291600,114.87,1.05,11057.46,11012.141,11049.004,140225830.4,145115609.6,156098534.4
2017-12-20,11072.41,11079.13,11003.33,10988.89,140075904,-71.66,-0.65,11029.348,11021.341,11021.131,141483142.4,143240728,153263011.2
2017-12-21,10988.77,11149.04,11118.25,10935.22,150891792,114.92,1.04,11030.962,11053.041,11018.27,142466380.8,144786825.6,150989049.6
2017-12-22,11112.73,11154.75,11094.16,11078.26,129119664,-24.09,-0.22,11050.17,11068.951,11014.558,136847868.8,143075948.8,149460176
2017-12-25,11102.16,11132.59,11005.5,10967.37,147971072,-88.66,-0.8,11059.246,11055.175,11017.124,139670006.4,142018400,148630778.4
2017-12-26,11002.34,11025.1,11021.83,10900.64,139956800,16.33,0.15,11048.614,11053.037,11013.659,141603046.4,140914438.4,148327152.8
2017-12-27,11007.44,11026.73,10911.21,10911.21,154718704,-110.62,-1,11030.19,11029.769,11005.113,144531606.4,143007374.4,147401952.8
2017-12-28,10907.83,11029.09,10974.01,10891.75,159818720,62.8,0.58,11001.342,11016.152,11006.608,146316992,144391686.4,147853972.8
2017-12-29,10984.86,11040.62,11040.45,10971.64,139772320,66.44,0.6,10990.6,11020.385,11007.973,148447523.2,142647696,147420132.8
2018-01-02,11079.64,11178.05,11178.05,11072.87,163737776,137.6,1.25,11025.11,11042.178,11016.148,151600864,145635435.2,147740330.4
2018-01-03,11181.18,11316.46,11280.3,11171.12,198404752,102.25,0.92,11076.804,11062.709,11037.425,163290454.4,152446750.4,148781180
2018-01-04,11270.91,11341.35,11341.35,11259.46,180376496,61.05,0.54,11162.832,11096.511,11058.926,168422012.8,156476809.6,149858768.8
2018-01-05,11339.57,11372.29,11342.85,11310.29,187950144,1.5,0.01,11236.6,11118.971,11086.006,174048297.6,160182644.8,152484735.2
2018-01-08,11343.82,11386.04,11382.72,11287.6,203604064,39.87,0.35,11305.054,11147.827,11108.389,186814646.4,167631084.8,155353516.8
2018-01-09,11371.93,11449.6,11447.09,11358.13,184081840,64.37,0.57,11358.862,11191.986,11123.58,190883459.2,171242161.6,156630280.8
2018-01-10,11439.22,11446.41,11437.08,11345.1,196342704,-10.01,-0.09,11390.218,11233.511,11143.274,190471049.6,176880752,158897595.2
2018-01-11,11411.58,11482.81,11464.2,11372.36,189897920,27.12,0.24,11414.788,11288.81,11159.289,192375334.4,180398673.6,161703024
2018-01-12,11459.46,11496.53,11461.99,11420.26,186021472,-2.21,-0.02,11438.616,11337.608,11176.88,191989600,183018948.8,163705317.6
2018-01-15,11453.33,11476.58,11307.46,11277.31,224433728,-154.53,-1.35,11423.564,11364.309,11192.347,196155532.8,191485089.6,167066392.8
2018-01-16,11283.6,11402.46,11386.91,11283.29,192863424,79.45,0.7,11411.528,11385.195,11213.687,197911849.6,194397654.4,170016544.8
2018-01-17,11366.6,11367.16,11303.97,11185.92,213515920,-82.94,-0.73,11384.906,11387.562,11225.136,201346492.8,195908771.2,174177760.8
2018-01-18,11287.64,11375.11,11319.91,11279.42,155610112,15.94,0.14,11356.048,11385.418,11240.964,194488931.2,193432132.8,174954471.2
2018-01-19,11314.46,11393.04,11296.27,11276.57,183429280,-23.64,-0.21,11322.904,11380.76,11249.865,193970492.8,192980046.4,176581345.6
2018-01-22,11289.86,11513.08,11513.08,11273.69,181074816,216.81,1.92,11364.028,11393.796,11270.812,185298710.4,190727121.6,179179103.2
2018-01-23,11514.56,11564.95,11555.25,11493.74,174188768,42.17,0.37,11397.696,11404.612,11298.299,181563779.2,189737814.4,180489988
2018-01-24,11548.21,11613.95,11607.57,11456.26,210735232,52.32,0.45,11458.416,11421.661,11327.586,181007641.6,191177067.2,184028909.6
2018-01-25,11588.38,11633.46,11552.56,11548.68,213762240,-55.01,-0.47,11504.946,11430.497,11359.654,192638067.2,193563499.2,186981086.4
2018-01-26,11524.7,11605.13,11557.82,11512.94,175611744,5.26,0.05,11557.256,11440.08,11388.844,191074560,192522526.4,187770737.6
2018-01-29,11547.68,11556.65,11352.72,11323.69,199666080,-205.1,-1.77,11525.184,11444.606,11404.458,194792812.8,190045761.6,190765425.6
2018-01-30,11319.97,11370,11278.78,11260.31,157973248,-73.94,-0.65,11469.89,11433.793,11409.494,191549708.8,186556744,190477199.2
2018-01-31,11210.06,11244.18,11159.68,11119.32,194794960,-119.1,-1.06,11380.312,11419.364,11403.463,188361654.4,184684648,190296709.6
2018-02-01,11145.41,11171.36,10864.34,10836.35,224818672,-295.34,-2.65,11242.668,11373.807,11379.613,190572940.8,191605504,192518818.4
2018-02-02,10794.13,10933.15,10925.16,10663.54,184626560,60.82,0.56,11116.136,11336.696,11358.728,192375904,191725232,192352639.2
2018-02-05,10761.08,10873.24,10836.25,10741.85,148705216,-88.91,-0.81,11012.842,11269.013,11331.405,182183731.2,188488272,189607696.8
2018-02-06,10603.53,10685.16,10377.61,10377.61,196877408,-458.64,-4.23,10832.608,11151.249,11277.93,189964563.2,190757136,190247475.2
2018-02-07,10563.31,10599.54,10246.97,10173.66,185364912,-130.64,-1.26,10650.066,11015.189,11218.425,188078553.6,188220104,189698585.6
2018-02-08,10219.39,10411.2,10372.59,10219.21,154429792,125.62,1.23,10551.716,10897.192,11163.845,174000777.6,182286859.2,187925179.2
2018-02-09,10096.47,10172.78,10001.23,9868.83,193571344,-371.36,-3.58,10366.93,10741.533,11090.806,175789734.4,184082819.2,188302672.8
2018-02-12,10059.86,10325.68,10291.88,10059.86,144996160,290.65,2.91,10258.056,10635.449,11040.028,175047923.2,178615827.2,184330794.4
2018-02-13,10367.68,10486.81,10362.43,10350.17,142167344,70.55,0.69,10255.02,10543.814,10988.803,164105910.4,177035236.8,181795990.4
2018-02-14,10381.16,10433.09,10431.91,10319.15,100082440,69.48,0.67,10292.008,10471.037,10945.2,147049416,167563984.8,176124316.4
2018-02-22,10547.81,10667.8,10658.94,10526.98,136170480,227.03,2.18,10349.278,10450.497,10912.152,143397553.6,158699165.6,175152334.8
2018-02-23,10667.81,10700.11,10662.79,10578.79,140530848,3.85,0.04,10481.59,10424.26,10880.478,132789454.4,154289594.4,173007413.2
2018-02-26,10731.31,10920.21,10895.56,10670.17,200183504,232.77,2.18,10602.326,10430.191,10849.602,143826923.2,159437423.2,173962847.6
2018-02-27,10898.29,10915.36,10807.53,10791.95,195932768,-88.03,-0.81,10691.346,10473.183,10812.216,154580008,159342959.2,175050047.6
2018-02-28,10705.81,10875.71,10828.73,10656.36,186638944,21.2,0.2,10770.71,10531.359,10773.274,171891308.8,159470362.4,173845233.2
2018-03-01,10754.62,10943.13,10943.13,10732.93,190070320,114.4,1.06,10827.548,10588.413,10742.803,182671276.8,163034415.2,172660637.2
2018-03-02,10857.87,10947.39,10856.25,10840.01,184646816,-86.88,-0.79,10866.24,10673.915,10707.724,191494470.4,162141962.4,173112390.8
2018-03-05,10882.87,10913.03,10875.68,10813.47,159549536,19.43,0.18,10862.264,10732.295,10683.872,183367676.8,163597300,171106563.6
2018-03-06,10909.28,11007.95,11007.95,10873.85,206525504,132.27,1.22,10902.348,10796.847,10670.331,185486224,170033116,173534176.4
2018-03-07,10993.95,11031.48,10904.99,10897.58,179148336,-102.96,-0.94,10917.6,10844.155,10657.596,183988102.4,177939705.6,172751845.2
2018-03-08,10902.35,11019.08,11019.08,10892.18,165203184,114.09,1.05,10932.79,10880.169,10665.333,179014675.2,180842976,169771070.8
2018-03-09,11040.37,11203.72,11194.91,11030.55,234555472,175.83,1.6,11000.522,10933.381,10678.82,188996406.4,190245438.4,172267516.4
2018-03-12,11266.32,11328.77,11326.27,11260.46,261773248,131.36,1.17,11090.64,10976.452,10703.322,209441148.8,196404412.8,177920918
2018-03-13,11311.04,11335.3,11241.41,11236.38,227848416,-84.86,-0.75,11137.332,11019.84,10746.512,213705731.2,199595977.6,179469468.4
2018-03-14,11198.77,11242.3,11139.63,11138.39,196067744,-101.78,-0.91,11184.26,11050.93,10791.145,217089612.8,200538857.6,180004610
2018-03-15,11100.53,11195.94,11163.65,11051.62,187573552,24.02,0.22,11213.174,11072.982,10830.698,221563686.4,200289180.8,181661798
2018-03-16,11166.43,11192.36,11051.12,11051.12,169598352,-112.53,-1.01,11184.416,11092.469,10883.192,208572262.4,198784334.4,180463148.4
2018-03-19,11046.03,11120.75,11068.49,10994.68,165819440,17.37,0.16,11132.86,11111.75,10922.023,189381500.8,199411324.8,181504312.4
2018-03-20,10982.73,11082.03,11077.8,10951.99,177360080,9.31,0.08,11100.138,11118.735,10957.791,179283833.6,196494782.4,183263949.2
2018-03-21,11100.91,11170.56,10980.55,10973.58,202472464,-97.25,-0.88,11068.322,11126.291,10985.223,180564777.6,198827195.2,188383450.4
2018-03-22,10988.83,11035.58,10877.25,10858.44,175778160,-103.3,-0.94,11011.042,11112.108,10996.139,178205699.2,199884692.8,190363834.4
2018-03-23,10511.16,10664.93,10439.99,10256.5,282412832,-437.26,-4.02,10888.816,11036.616,10984.999,200768595.2,204670428.8,197457933.6
